month,lat,psl
1,-90.0,99730.7364366319
1,-89.05759162303664,99685.07470703092
1,-88.1151832460733,99593.53040907197
1,-87.17277486910994,99509.19289822083
1,-86.2303664921466,99429.42550998258
1,-85.28795811518324,99328.51692708304
1,-84.3455497382199,99228.44569227438
1,-83.40314136125654,99151.19900173687
1,-82.46073298429319,99095.52780490459
1,-81.51832460732984,99051.354085286
1,-80.57591623036649,99030.5244954431
1,-79.63350785340315,99032.27945963587
1,-78.69109947643979,99041.68532986139
1,-77.74869109947645,99030.19566514708
1,-76.80628272251309,98993.29456922784
1,-75.86387434554973,98935.90679253508
1,-74.92146596858639,98859.34280056461
1,-73.97905759162303,98778.74717881893
1,-73.03664921465969,98691.51497395802
1,-72.09424083769633,98595.76801215223
1,-71.15183246073298,98483.66175672742
1,-70.20942408376963,98380.87093099019
1,-69.26701570680629,98282.37961154514
1,-68.32460732984293,98182.27878146674
1,-67.38219895287958,98084.38408745635
1,-66.43979057591623,98012.42000325529
1,-65.49738219895288,97981.78282335123
1,-64.55497382198953,97989.91132269918
1,-63.61256544502618,98033.71015082425
1,-62.67015706806283,98110.9632161456
1,-61.72774869109948,98218.18017578126
1,-60.78534031413612,98350.73602973124
1,-59.84293193717278,98508.75968424417
1,-58.90052356020942,98687.82134331603
1,-57.95811518324607,98884.152994792
1,-57.01570680628272,99095.41265190979
1,-56.07329842931937,99317.48220486131
1,-55.13089005235602,99544.90814887141
1,-54.18848167539267,99773.74631076363
1,-53.24607329842932,100002.16528320342
1,-52.303664921465966,100227.48149956626
1,-51.361256544502616,100445.87158203083
1,-50.41884816753927,100654.23849826376
1,-49.47643979057592,100849.73838975639
1,-48.53403141361257,101031.37060546901
1,-47.59162303664922,101196.82874891459
1,-46.64921465968587,101345.52870008745
1,-45.70680628272251,101475.95600043463
1,-44.76439790575916,101587.98640950488
1,-43.82198952879581,101682.30305989532
1,-42.87958115183246,101758.44726562512
1,-41.93717277486911,101817.50670030343
1,-40.99476439790576,101859.41069878537
1,-40.05235602094241,101884.95073784684
1,-39.109947643979055,101896.09806315039
1,-38.167539267015705,101894.72254774335
1,-37.225130890052355,101880.46085611914
1,-36.282722513089006,101854.85625542498
1,-35.340314136125656,101820.46516927144
1,-34.397905759162306,101780.00254991387
1,-33.455497382198956,101733.45537651899
1,-32.5130890052356,101682.41501193619
1,-31.57068062827225,101627.22800021677
1,-30.6282722513089,101571.8050944003
1,-29.68586387434555,101516.95496961745
1,-28.7434554973822,101464.60161675297
1,-27.80104712041885,101413.12141927092
1,-26.8586387434555,101363.95391167581
1,-25.916230366492144,101316.02284071186
1,-24.9738219895288,101269.37190755171
1,-24.031413612565444,101227.36037868891
1,-23.0890052356021,101191.53884548633
1,-22.146596858638745,101158.1472439233
1,-21.204188481675388,101126.12375216982
1,-20.261780104712045,101098.9149034293
1,-19.31937172774869,101074.45128038211
1,-18.376963350785346,101053.5640462234
1,-17.43455497382199,101033.90923394075
1,-16.492146596858646,101018.86121961777
1,-15.54973821989529,101007.18967013917
1,-14.607329842931932,101001.8727484807
1,-13.66492146596859,100995.81108941032
1,-12.722513089005233,100988.50257703937
1,-11.78010471204189,100982.11130099843
1,-10.837696335078533,100977.93359375007
1,-9.89528795811519,100974.3305935336
1,-8.952879581151834,100971.46690538159
1,-8.010471204188477,100967.7248535152
1,-7.068062827225134,100964.57880316838
1,-6.125654450261777,100961.98087565137
1,-5.1832460732984345,100957.48103841124
1,-4.240837696335078,100954.87055121562
1,-3.298429319371735,100952.75179036398
1,-2.356020942408378,100949.9976671004
1,-1.4136125654450211,100949.60820855082
1,-0.47120418848167844,100949.78040907082
1,0.47120418848167844,100949.81675889718
1,1.4136125654450211,100950.8932834206
1,2.356020942408378,100953.86770290768
1,3.2984293193717207,100960.90966796823
1,4.240837696335078,100972.22686089443
1,5.1832460732984345,100987.30541992167
1,6.125654450261777,101006.06160481797
1,7.068062827225134,101032.05037434898
1,8.010471204188477,101062.18592664893
1,8.952879581151834,101098.80889214373
1,9.895287958115176,101140.12611219642
1,10.837696335078533,101183.44284396703
1,11.78010471204189,101231.5606011286
1,12.722513089005233,101283.86512586761
1,13.66492146596859,101342.45722113764
1,14.607329842931932,101407.83870442683
1,15.54973821989529,101473.30099826414
1,16.492146596858632,101539.72132703963
1,17.43455497382199,101606.18117947024
1,18.376963350785346,101672.52115885362
1,19.31937172774869,101737.75469292553
1,20.261780104712045,101801.2420518668
1,21.204188481675388,101861.96788194412
1,22.146596858638745,101921.18367512988
1,23.089005235602087,101975.64653862873
1,24.031413612565444,102025.41761610212
1,24.9738219895288,102069.5021430118
1,25.916230366492144,102109.39450412331
1,26.8586387434555,102149.51643880262
1,27.801047120418843,102187.06054687507
1,28.7434554973822,102227.37942165752
1,29.685863874345543,102252.15502929625
1,30.6282722513089,102259.53263346285
1,31.570680628272257,102254.84212239552
1,32.5130890052356,102259.23494466193
1,33.455497382198956,102264.24289279495
1,34.3979057591623,102254.33181423692
1,35.340314136125656,102230.84914822096
1,36.282722513089,102204.81111653602
1,37.225130890052355,102198.58618164009
1,38.16753926701571,102207.59242079024
1,39.10994764397907,102198.41796874935
1,40.0523560209424,102182.32215711771
1,40.994764397905755,102161.31586371596
1,41.93717277486911,102135.28477647538
1,42.87958115183247,102093.66400824665
1,43.8219895287958,102060.53900824595
1,44.764397905759154,102026.73524305523
1,45.70680628272251,101987.78084309955
1,46.64921465968587,101944.54614257868
1,47.591623036649224,101893.99959309865
1,48.53403141361255,101842.55536566868
1,49.47643979057591,101783.54117838482
1,50.41884816753927,101727.80425347215
1,51.36125654450262,101671.4136827252
1,52.30366492146598,101610.74498155428
1,53.24607329842931,101550.65763346387
1,54.188481675392666,101490.67358398413
1,55.13089005235602,101424.45366753453
1,56.07329842931938,101362.92664930562
1,57.01570680628271,101303.67759874147
1,57.958115183246065,101248.30764431469
1,58.90052356020942,101202.7068413629
1,59.84293193717278,101167.23022460875
1,60.785340314136135,101144.30683051248
1,61.727748691099464,101122.84003363721
1,62.67015706806282,101099.02601453972
1,63.61256544502618,101078.32278103249
1,64.55497382198953,101055.38631184844
1,65.49738219895289,101035.34928385456
1,66.43979057591622,101025.2780761721
1,67.38219895287958,101004.88935004309
1,68.32460732984293,100969.44848632786
1,69.26701570680629,100924.78222656244
1,70.20942408376962,100880.7892523877
1,71.15183246073298,100838.65898980042
1,72.09424083769633,100799.8405761712
1,73.03664921465969,100764.5382215709
1,73.97905759162305,100736.34434678766
1,74.92146596858638,100717.93484157948
1,75.86387434554973,100709.12003580773
1,76.80628272251309,100700.54036458377
1,77.74869109947645,100691.43473307241
1,78.6910994764398,100689.23255750925
1,79.63350785340313,100692.1908365891
1,80.57591623036649,100700.5959201393
1,81.51832460732984,100716.63232421828
1,82.4607329842932,100717.5735677083
1,83.40314136125653,100708.61859808976
1,84.34554973821989,100687.03689236144
1,85.28795811518324,100663.31778971324
1,86.2303664921466,100645.01467556426
1,87.17277486910996,100635.00528971359
1,88.11518324607329,100628.62722439274
1,89.05759162303664,100627.03569878446
1,90.0,100631.81250000061
2,-90.0,100016.9227430554
2,-89.05759162303664,99990.17331271671
2,-88.1151832460733,99943.35590277855
2,-87.17277486910994,99884.33802625896
2,-86.2303664921466,99815.17073567705
2,-85.28795811518324,99726.15147569399
2,-84.3455497382199,99627.21161566844
2,-83.40314136125654,99549.82530382021
2,-82.46073298429319,99482.73931206617
2,-81.51832460732984,99421.07853190062
2,-80.57591623036649,99390.99270290836
2,-79.63350785340315,99382.00387912375
2,-78.69109947643979,99378.17971462692
2,-77.74869109947645,99346.14827473905
2,-76.80628272251309,99280.28152126781
2,-75.86387434554973,99192.7146538632
2,-74.92146596858639,99082.26326497435
2,-73.97905759162303,98975.16769748215
2,-73.03664921465969,98867.43994140594
2,-72.09424083769633,98756.18044704793
2,-71.15183246073298,98628.65356445323
2,-70.20942408376963,98497.50553385464
2,-69.26701570680629,98369.88663736971
2,-68.32460732984293,98261.66132269936
2,-67.38219895287958,98174.59689670107
2,-66.43979057591623,98113.82093641504
2,-65.49738219895288,98097.03567165845
2,-64.55497382198953,98118.67580837621
2,-63.61256544502618,98181.08284505155
2,-62.67015706806283,98279.50667317674
2,-61.72774869109948,98410.6922200521
2,-60.78534031413612,98569.39800347257
2,-59.84293193717278,98750.0678439664
2,-58.90052356020942,98949.15147569451
2,-57.95811518324607,99163.87928602459
2,-57.01570680628272,99390.67426215287
2,-56.07329842931937,99623.98011610261
2,-55.13089005235602,99858.34347873241
2,-54.18848167539267,100091.01782226535
2,-53.24607329842932,100318.7668457034
2,-52.303664921465966,100539.04692925372
2,-51.361256544502616,100748.62087673564
2,-50.41884816753927,100945.02449544256
2,-49.47643979057592,101125.84383137968
2,-48.53403141361257,101290.04253472244
2,-47.59162303664922,101436.27520073748
2,-46.64921465968587,101563.41145833391
2,-45.70680628272251,101671.52826605966
2,-44.76439790575916,101761.94561089373
2,-43.82198952879581,101836.76052517306
2,-42.87958115183246,101896.46755642383
2,-41.93717277486911,101943.91693793364
2,-40.99476439790576,101978.33325195377
2,-40.05235602094241,101999.08420138861
2,-39.109947643979055,102007.27932400111
2,-38.167539267015705,102004.52387152797
2,-37.225130890052355,101991.37177191782
2,-36.282722513089006,101967.71413845445
2,-35.340314136125656,101935.59195963595
2,-34.397905759162306,101896.0690104174
2,-33.455497382198956,101850.49688042514
2,-32.5130890052356,101800.36319987036
2,-31.57068062827225,101746.24308268199
2,-30.6282722513089,101688.38728841071
2,-29.68586387434555,101630.46213107578
2,-28.7434554973822,101573.25078667494
2,-27.80104712041885,101516.12342664934
2,-26.8586387434555,101458.38365342944
2,-25.916230366492144,101399.6848958334
2,-24.9738219895288,101341.17363823764
2,-24.031413612565444,101286.7025553382
2,-23.0890052356021,101239.16889105926
2,-22.146596858638745,101194.28862847191
2,-21.204188481675388,101151.37863498223
2,-20.261780104712045,101115.0842285161
2,-19.31937172774869,101084.07386610251
2,-18.376963350785346,101058.7877604161
2,-17.43455497382199,101035.01595052067
2,-16.492146596858646,101017.09670681387
2,-15.54973821989529,101004.79625108543
2,-14.607329842931932,100999.54353841125
2,-13.66492146596859,100993.7852376307
2,-12.722513089005233,100987.97189670092
2,-11.78010471204189,100982.70581054702
2,-10.837696335078533,100978.78469509557
2,-9.89528795811519,100975.91189236159
2,-8.952879581151834,100973.91327582426
2,-8.010471204188477,100970.05967881905
2,-7.068062827225134,100967.56928168403
2,-6.125654450261777,100965.57389322952
2,-5.1832460732984345,100961.41886393212
2,-4.240837696335078,100959.42944335974
2,-3.298429319371735,100957.94856770786
2,-2.356020942408378,100955.86374240425
2,-1.4136125654450211,100956.17605251783
2,-0.47120418848167844,100957.43543836779
2,0.47120418848167844,100958.27170138851
2,1.4136125654450211,100958.69571940148
2,2.356020942408378,100959.88533528615
2,3.2984293193717207,100965.10527886229
2,4.240837696335078,100974.14556206625
2,5.1832460732984345,100987.24625651033
2,6.125654450261777,101003.36981879364
2,7.068062827225134,101024.83308919275
2,8.010471204188477,101050.03735351513
2,8.952879581151834,101081.3706868485
2,9.895287958115176,101118.32828776068
2,10.837696335078533,101157.67711046006
2,11.78010471204189,101200.85704210076
2,12.722513089005233,101246.59993489529
2,13.66492146596859,101297.99283854224
2,14.607329842931932,101355.21845160572
2,15.54973821989529,101411.65337456633
2,16.492146596858632,101467.8333875865
2,17.43455497382199,101523.82847764737
2,18.376963350785346,101578.46508789017
2,19.31937172774869,101631.77221679704
2,20.261780104712045,101681.45724826441
2,21.204188481675388,101726.7662760414
2,22.146596858638745,101770.73830837641
2,23.089005235602087,101809.1410319013
2,24.031413612565444,101840.93872070278
2,24.9738219895288,101866.29345703081
2,25.916230366492144,101889.0686035156
2,26.8586387434555,101912.52663845543
2,27.801047120418843,101937.53537326389
2,28.7434554973822,101964.99810112799
2,29.685863874345543,101968.73185221304
2,30.6282722513089,101963.49598524223
2,31.570680628272257,101947.86116536436
2,32.5130890052356,101943.60506184949
2,33.455497382198956,101944.51847330717
2,34.3979057591623,101931.3619520407
2,35.340314136125656,101904.96972656308
2,36.282722513089,101867.14740668368
2,37.225130890052355,101855.36564127561
2,38.16753926701571,101863.14314778666
2,39.10994764397907,101865.33422851494
2,40.0523560209424,101862.69015841985
2,40.994764397905755,101853.55311414991
2,41.93717277486911,101843.18929036424
2,42.87958115183247,101811.3638780383
2,43.8219895287958,101780.92643229107
2,44.764397905759154,101761.59079318536
2,45.70680628272251,101738.145426433
2,46.64921465968587,101716.27726237026
2,47.591623036649224,101693.6363661021
2,48.53403141361255,101670.91975911491
2,49.47643979057591,101638.54142252546
2,50.41884816753927,101608.02010091135
2,51.36125654450262,101580.78184678774
2,52.30366492146598,101551.82866753518
2,53.24607329842931,101524.98931206625
2,54.188481675392666,101499.61930338506
2,55.13089005235602,101472.81703016478
2,56.07329842931938,101453.49652777791
2,57.01570680628271,101433.25347222238
2,57.958115183246065,101413.27446831642
2,58.90052356020942,101394.29185655384
2,59.84293193717278,101378.49042426156
2,60.785340314136135,101371.85205078142
2,61.727748691099464,101368.24704318577
2,62.67015706806282,101361.31613498233
2,63.61256544502618,101351.9359537756
2,64.55497382198953,101341.39211697
2,65.49738219895289,101326.5359157991
2,66.43979057591622,101317.58479817731
2,67.38219895287958,101293.56149631047
2,68.32460732984293,101249.45838758648
2,69.26701570680629,101188.03781467001
2,70.20942408376962,101123.15559895895
2,71.15183246073298,101056.00187174485
2,72.09424083769633,100991.27983940908
2,73.03664921465969,100927.00160047722
2,73.97905759162305,100869.70825195247
2,74.92146596858638,100818.60536024267
2,75.86387434554973,100772.42274305593
2,76.80628272251309,100727.99818250912
2,77.74869109947645,100690.3039008242
2,78.6910994764398,100660.70526801277
2,79.63350785340313,100639.8493109815
2,80.57591623036649,100625.74742296041
2,81.51832460732984,100630.67526584158
2,82.4607329842932,100621.35617404516
2,83.40314136125653,100592.82375759499
2,84.34554973821989,100546.18953450533
2,85.28795811518324,100491.26435004303
2,86.2303664921466,100445.44159613719
2,87.17277486910996,100414.26879882821
2,88.11518324607329,100397.84006076436
2,89.05759162303664,100394.40185546847
2,90.0,100400.24218749983
3,-90.0,100622.90049913179
3,-89.05759162303664,100531.19316948751
3,-88.1151832460733,100360.11612955805
3,-87.17277486910994,100212.26939561666
3,-86.2303664921466,100060.7862141928
3,-85.28795811518324,99920.33002387105
3,-84.3455497382199,99759.37456597228
3,-83.40314136125654,99606.40776909795
3,-82.46073298429319,99473.7054578994
3,-81.51832460732984,99369.19970703078
3,-80.57591623036649,99310.73385959232
3,-79.63350785340315,99291.81315104217
3,-78.69109947643979,99275.80145941865
3,-77.74869109947645,99222.71161566788
3,-76.80628272251309,99145.83737521751
3,-75.86387434554973,99045.32712131114
3,-74.92146596858639,98928.4008246531
3,-73.97905759162303,98830.94658745613
3,-73.03664921465969,98739.97696940073
3,-72.09424083769633,98649.34898545954
3,-71.15183246073298,98545.31412760424
3,-70.20942408376963,98427.40630425401
3,-69.26701570680629,98316.4650878906
3,-68.32460732984293,98220.47474500843
3,-67.38219895287958,98146.08604600652
3,-66.43979057591623,98089.7397189671
3,-65.49738219895288,98073.88387044317
3,-64.55497382198953,98100.64683702208
3,-63.61256544502618,98177.27666558116
3,-62.67015706806283,98292.94997829833
3,-61.72774869109948,98436.00971137147
3,-60.78534031413612,98601.87510850727
3,-59.84293193717278,98786.3923882373
3,-58.90052356020942,98984.97908528645
3,-57.95811518324607,99193.23011610283
3,-57.01570680628272,99407.37584092899
3,-56.07329842931937,99625.97347005231
3,-55.13089005235602,99846.02718098936
3,-54.18848167539267,100065.90334743896
3,-53.24607329842932,100283.27644856795
3,-52.303664921465966,100496.48695204026
3,-51.361256544502616,100702.392225477
3,-50.41884816753927,100898.2084147134
3,-49.47643979057592,101082.76706271638
3,-48.53403141361257,101254.00113932317
3,-47.59162303664922,101410.79169379311
3,-46.64921465968587,101551.82590060822
3,-45.70680628272251,101677.0617133253
3,-44.76439790575916,101784.95838758654
3,-43.82198952879581,101874.64887152718
3,-42.87958115183246,101946.62339952274
3,-41.93717277486911,102002.29359266456
3,-40.99476439790576,102039.21259223147
3,-40.05235602094241,102059.62033420101
3,-39.109947643979055,102066.06407335009
3,-38.167539267015705,102060.69683159738
3,-37.225130890052355,102043.17239040749
3,-36.282722513089006,102014.93028428784
3,-35.340314136125656,101978.22376844658
3,-34.397905759162306,101935.42550998334
3,-33.455497382198956,101887.53366427931
3,-32.5130890052356,101836.27134874176
3,-31.57068062827225,101781.81019422709
3,-30.6282722513089,101726.95844183957
3,-29.68586387434555,101672.97317165748
3,-28.7434554973822,101619.81268988668
3,-27.80104712041885,101568.35744900182
3,-26.8586387434555,101518.43996853346
3,-25.916230366492144,101468.55262586813
3,-24.9738219895288,101419.15719943534
3,-24.031413612565444,101371.88940429654
3,-23.0890052356021,101328.4221191409
3,-22.146596858638745,101285.58376736072
3,-21.204188481675388,101242.61021592845
3,-20.261780104712045,101204.1758083772
3,-19.31937172774869,101167.8178710939
3,-18.376963350785346,101133.7207031244
3,-17.43455497382199,101099.14957682267
3,-16.492146596858646,101067.62163628434
3,-15.54973821989529,101040.7578396271
3,-14.607329842931932,101022.05211045984
3,-13.66492146596859,101003.3111979172
3,-12.722513089005233,100984.10755750824
3,-11.78010471204189,100966.04277886292
3,-10.837696335078533,100952.10712348095
3,-9.89528795811519,100940.31808810825
3,-8.952879581151834,100930.6467013885
3,-8.010471204188477,100921.51063368008
3,-7.068062827225134,100913.45505099825
3,-6.125654450261777,100906.40120442743
3,-5.1832460732984345,100899.39428710921
3,-4.240837696335078,100894.76253255235
3,-3.298429319371735,100892.58474392297
3,-2.356020942408378,100889.34817165768
3,-1.4136125654450211,100888.88042534776
3,-0.47120418848167844,100889.36002604134
3,0.47120418848167844,100888.79367404473
3,1.4136125654450211,100888.32622612902
3,2.356020942408378,100888.43731011265
3,3.2984293193717207,100891.46164279463
3,4.240837696335078,100898.81906467045
3,5.1832460732984345,100908.75018988698
3,6.125654450261777,100921.55645073809
3,7.068062827225134,100938.06051974824
3,8.010471204188477,100956.69550238676
3,8.952879581151834,100979.36775716109
3,9.895287958115176,101006.55197482658
3,10.837696335078533,101035.79305013017
3,11.78010471204189,101067.71804470495
3,12.722513089005233,101103.42247178774
3,13.66492146596859,101144.32202148494
3,14.607329842931932,101191.04934353268
3,15.54973821989529,101235.21207682321
3,16.492146596858632,101278.24557834177
3,17.43455497382199,101320.16273328972
3,18.376963350785346,101361.97664387964
3,19.31937172774869,101403.32332356788
3,20.261780104712045,101442.98952908038
3,21.204188481675388,101478.69308810729
3,22.146596858638745,101516.55319552927
3,23.089005235602087,101551.2855360246
3,24.031413612565444,101581.13045247362
3,24.9738219895288,101606.12413194422
3,25.916230366492144,101630.16720920139
3,26.8586387434555,101661.2804090718
3,27.801047120418843,101699.11895073795
3,28.7434554973822,101740.51700846314
3,29.685863874345543,101764.18739149252
3,30.6282722513089,101781.63926866247
3,31.570680628272257,101789.79353841118
3,32.5130890052356,101806.83403862905
3,33.455497382198956,101827.06412760397
3,34.3979057591623,101826.85880533929
3,35.340314136125656,101804.90508355085
3,36.282722513089,101761.05872938335
3,37.225130890052355,101726.85492621466
3,38.16753926701571,101715.74921332477
3,39.10994764397907,101710.03301323723
3,40.0523560209424,101709.14463975665
3,40.994764397905755,101711.77617730098
3,41.93717277486911,101708.87901475666
3,42.87958115183247,101695.22105577258
3,43.8219895287958,101686.2704806852
3,44.764397905759154,101685.01250542495
3,45.70680628272251,101690.31537543466
3,46.64921465968587,101696.40858289979
3,47.591623036649224,101702.2363009979
3,48.53403141361255,101702.29983181451
3,49.47643979057591,101695.97856987795
3,50.41884816753927,101688.28301323771
3,51.36125654450262,101687.34396701342
3,52.30366492146598,101686.89898003521
3,53.24607329842931,101688.29937066004
3,54.188481675392666,101691.85972764736
3,55.13089005235602,101694.11222330715
3,56.07329842931938,101699.6101888022
3,57.01570680628271,101700.29120551219
3,57.958115183246065,101697.14455837713
3,58.90052356020942,101691.1965603299
3,59.84293193717278,101688.99457465208
3,60.785340314136135,101690.84261067731
3,61.727748691099464,101692.47542317715
3,62.67015706806282,101687.20627170108
3,63.61256544502618,101683.37440321135
3,64.55497382198953,101682.56816948725
3,65.49738219895289,101682.91012912367
3,66.43979057591622,101686.36631944464
3,67.38219895287958,101684.54570855002
3,68.32460732984293,101676.50938585047
3,69.26701570680629,101659.72553168397
3,70.20942408376962,101633.0500488287
3,71.15183246073298,101603.08580186637
3,72.09424083769633,101571.83121744737
3,73.03664921465969,101533.02015516462
3,73.97905759162305,101489.64480251685
3,74.92146596858638,101440.60739474786
3,75.86387434554973,101387.15304904558
3,76.80628272251309,101322.51730685803
3,77.74869109947645,101246.11368815052
3,78.6910994764398,101164.30536566915
3,79.63350785340313,101084.75442165865
3,80.57591623036649,100996.6775173615
3,81.51832460732984,100905.16826714367
3,82.4607329842932,100793.8577202691
3,83.40314136125653,100675.55620659658
3,84.34554973821989,100553.05192057302
3,85.28795811518324,100420.24552408814
3,86.2303664921466,100307.38663736978
3,87.17277486910996,100218.9342447917
3,88.11518324607329,100151.0550672747
3,89.05759162303664,100112.76440429661
3,90.0,100097.76562500032
4,-90.0,101036.09781901079
4,-89.05759162303664,100944.15863715248
4,-88.1151832460733,100766.92759874208
4,-87.17277486910994,100598.68177625904
4,-86.2303664921466,100431.12749565975
4,-85.28795811518324,100276.60386827223
4,-84.3455497382199,100123.69951714417
4,-83.40314136125654,99976.6452636726
4,-82.46073298429319,99840.4156901043
4,-81.51832460732984,99734.61089409684
4,-80.57591623036649,99689.16061740494
4,-79.63350785340315,99675.8330891932
4,-78.69109947643979,99669.08577473981
4,-77.74869109947645,99628.23771158811
4,-76.80628272251309,99555.71904839447
4,-75.86387434554973,99457.83862304721
4,-74.92146596858639,99341.00675455765
4,-73.97905759162303,99234.7803005637
4,-73.03664921465969,99123.92504882782
4,-72.09424083769633,99017.54777018157
4,-71.15183246073298,98897.45936414936
4,-70.20942408376963,98768.04771592937
4,-69.26701570680629,98643.15090603296
4,-68.32460732984293,98545.0243869355
4,-67.38219895287958,98473.76982964369
4,-66.43979057591623,98415.22243923612
4,-65.49738219895288,98384.13273112022
4,-64.55497382198953,98372.91889105848
4,-63.61256544502618,98394.92401801163
4,-62.67015706806283,98449.30940755186
4,-61.72774869109948,98527.9430881076
4,-60.78534031413612,98624.9998372398
4,-59.84293193717278,98738.44300672684
4,-58.90052356020942,98867.31174045148
4,-57.95811518324607,99009.34765625032
4,-57.01570680628272,99162.50130208349
4,-56.07329842931937,99325.06279839431
4,-55.13089005235602,99495.81174045126
4,-54.18848167539267,99672.84385850666
4,-53.24607329842932,99853.9181315108
4,-52.303664921465966,100037.67258029545
4,-51.361256544502616,100222.01548936588
4,-50.41884816753927,100404.55946180539
4,-49.47643979057592,100582.32158745603
4,-48.53403141361257,100752.46020507833
4,-47.59162303664922,100913.99503580699
4,-46.64921465968587,101065.52821180616
4,-45.70680628272251,101206.4958224833
4,-44.76439790575916,101335.17751736083
4,-43.82198952879581,101452.20548502544
4,-42.87958115183246,101558.33851454011
4,-41.93717277486911,101653.19211154476
4,-40.99476439790576,101735.29909939288
4,-40.05235602094241,101806.80639648401
4,-39.109947643979055,101867.52058919215
4,-38.167539267015705,101916.86195204014
4,-37.225130890052355,101954.42003038143
4,-36.282722513089006,101979.17773437472
4,-35.340314136125656,101993.84922960117
4,-34.397905759162306,101999.02829318645
4,-33.455497382198956,101997.01657443566
4,-32.5130890052356,101987.99853515674
4,-31.57068062827225,101971.98532443546
4,-30.6282722513089,101948.23611111034
4,-29.68586387434555,101919.00008137967
4,-28.7434554973822,101884.84849717827
4,-27.80104712041885,101846.53583441839
4,-26.8586387434555,101804.4748806429
4,-25.916230366492144,101757.81212022566
4,-24.9738219895288,101706.4265950517
4,-24.031413612565444,101653.03971354137
4,-23.0890052356021,101601.15364583355
4,-22.146596858638745,101547.49137369766
4,-21.204188481675388,101492.39265950491
4,-20.261780104712045,101439.46318901959
4,-19.31937172774869,101388.36884223112
4,-18.376963350785346,101339.638102213
4,-17.43455497382199,101289.64396158823
4,-16.492146596858646,101242.65681966115
4,-15.54973821989529,101200.15700954894
4,-14.607329842931932,101167.31122504317
4,-13.66492146596859,101133.44124349012
4,-12.722513089005233,101100.41449652736
4,-11.78010471204189,101070.58924696187
4,-10.837696335078533,101045.7755805122
4,-9.89528795811519,101024.29744466196
4,-8.952879581151834,101005.9657931854
4,-8.010471204188477,100990.26912434855
4,-7.068062827225134,100976.48752170136
4,-6.125654450261777,100965.51350911481
4,-5.1832460732984345,100955.33308919253
4,-4.240837696335078,100948.57500542574
4,-3.298429319371735,100943.4285210497
4,-2.356020942408378,100939.15795898411
4,-1.4136125654450211,100938.23494466193
4,-0.47120418848167844,100937.65532769062
4,0.47120418848167844,100937.4248589406
4,1.4136125654450211,100936.5300292974
4,2.356020942408378,100935.308566623
4,3.2984293193717207,100936.02983940925
4,4.240837696335078,100939.71546766527
4,5.1832460732984345,100945.01831054673
4,6.125654450261777,100951.90367296035
4,7.068062827225134,100960.39176432294
4,8.010471204188477,100970.08146158814
4,8.952879581151834,100984.69002278616
4,9.895287958115176,101001.71305338565
4,10.837696335078533,101022.59849717886
4,11.78010471204189,101045.0355631512
4,12.722513089005233,101071.98076714363
4,13.66492146596859,101105.33666992244
4,14.607329842931932,101144.02907986085
4,15.54973821989529,101180.670979818
4,16.492146596858632,101217.68188476535
4,17.43455497382199,101255.80227322025
4,18.376963350785346,101294.27376302033
4,19.31937172774869,101333.65250651057
4,20.261780104712045,101371.75138346395
4,21.204188481675388,101405.93950737813
4,22.146596858638745,101443.65307617154
4,23.089005235602087,101481.53057183181
4,24.031413612565444,101516.46584743896
4,24.9738219895288,101546.92431640586
4,25.916230366492144,101576.25786675347
4,26.8586387434555,101615.80973307343
4,27.801047120418843,101665.08173285595
4,28.7434554973822,101706.62494574611
4,29.685863874345543,101734.84985351501
4,30.6282722513089,101752.74240451316
4,31.570680628272257,101763.62112087641
4,32.5130890052356,101772.72111002653
4,33.455497382198956,101788.92594401032
4,34.3979057591623,101794.03968641578
4,35.340314136125656,101786.05346679749
4,36.282722513089,101751.85346137123
4,37.225130890052355,101716.39781358458
4,38.16753926701571,101687.43321397594
4,39.10994764397907,101657.95743815044
4,40.0523560209424,101629.89762369762
4,40.994764397905755,101608.95241970551
4,41.93717277486911,101591.59106445286
4,42.87958115183247,101567.0584309896
4,43.8219895287958,101543.30460611919
4,44.764397905759154,101520.95491536426
4,45.70680628272251,101499.80154079932
4,46.64921465968587,101478.22010633742
4,47.591623036649224,101454.49883355005
4,48.53403141361255,101430.89930555582
4,49.47643979057591,101409.05636935707
4,50.41884816753927,101386.91170247388
4,51.36125654450262,101365.24544270788
4,52.30366492146598,101339.7340494796
4,53.24607329842931,101309.20103624156
4,54.188481675392666,101276.93139648407
4,55.13089005235602,101247.105658637
4,56.07329842931938,101219.39621310774
4,57.01570680628271,101193.93020290819
4,57.958115183246065,101172.11878797782
4,58.90052356020942,101159.05870225704
4,59.84293193717278,101157.98920355842
4,60.785340314136135,101173.88471137176
4,61.727748691099464,101197.46283637144
4,62.67015706806282,101223.54405381915
4,63.61256544502618,101255.97683376694
4,64.55497382198953,101297.59809027729
4,65.49738219895289,101336.57685004377
4,66.43979057591622,101381.63034396718
4,67.38219895287958,101422.56917317676
4,68.32460732984293,101462.91172960041
4,69.26701570680629,101496.43364800341
4,70.20942408376962,101535.84773763076
4,71.15183246073298,101576.80805121537
4,72.09424083769633,101622.61539713477
4,73.03664921465969,101671.71118164036
4,73.97905759162305,101723.88037109312
4,74.92146596858638,101778.22433810717
4,75.86387434554973,101839.41791449687
4,76.80628272251309,101904.06648763067
4,77.74869109947645,101967.9158528641
4,78.6910994764398,102037.04405382008
4,79.63350785340313,102108.2889811204
4,80.57591623036649,102185.58840603338
4,81.51832460732984,102263.787679036
4,82.4607329842932,102328.53119574655
4,83.40314136125653,102380.7184516054
4,84.34554973821989,102421.84035915819
4,85.28795811518324,102452.34098307263
4,86.2303664921466,102477.26052517357
4,87.17277486910996,102495.31467013888
4,88.11518324607329,102508.6535102001
4,89.05759162303664,102512.83284505176
4,90.0,102509.97656249967
5,-90.0,99812.26171874959
5,-89.05759162303664,99716.02981228259
5,-88.1151832460733,99541.58856879412
5,-87.17277486910994,99374.91783311663
5,-86.2303664921466,99228.7331542969
5,-85.28795811518324,99110.16029188332
5,-84.3455497382199,98979.74487304689
5,-83.40314136125654,98857.96188693651
5,-82.46073298429319,98736.15370008696
5,-81.51832460732984,98639.09095594572
5,-80.57591623036649,98591.28738064275
5,-79.63350785340315,98573.305664063
5,-78.69109947643979,98559.27924262168
5,-77.74869109947645,98515.96375868002
5,-76.80628272251309,98453.43381076433
5,-75.86387434554973,98383.81987847267
5,-74.92146596858639,98289.01467556458
5,-73.97905759162303,98207.71682400128
5,-73.03664921465969,98137.40237087644
5,-72.09424083769633,98084.06740993861
5,-71.15183246073298,98034.21413845487
5,-70.20942408376963,97972.92865668463
5,-69.26701570680629,97900.87014431413
5,-68.32460732984293,97845.3457031247
5,-67.38219895287958,97817.92049153599
5,-66.43979057591623,97812.83610026047
5,-65.49738219895288,97825.61252170191
5,-64.55497382198953,97845.28301323738
5,-63.61256544502618,97896.20217556374
5,-62.67015706806283,97986.0275878904
5,-61.72774869109948,98113.32459852434
5,-60.78534031413612,98266.1399197051
5,-59.84293193717278,98439.77262369728
5,-58.90052356020942,98631.00857204865
5,-57.95811518324607,98834.079806858
5,-57.01570680628272,99045.43836805565
5,-56.07329842931937,99261.50895182311
5,-55.13089005235602,99478.67046440954
5,-54.18848167539267,99693.26011827223
5,-53.24607329842932,99903.40760633696
5,-52.303664921465966,100108.60853407146
5,-51.361256544502616,100307.33376736067
5,-50.41884816753927,100496.85574001732
5,-49.47643979057592,100676.74593098898
5,-48.53403141361257,100845.08506944463
5,-47.59162303664922,101002.98320855001
5,-46.64921465968587,101148.92130533907
5,-45.70680628272251,101282.0833875874
5,-44.76439790575916,101401.42051866287
5,-43.82198952879581,101508.15047200459
5,-42.87958115183246,101604.44444444457
5,-41.93717277486911,101689.43269856738
5,-40.99476439790576,101763.10476345538
5,-40.05235602094241,101827.42266167494
5,-39.109947643979055,101884.11713324586
5,-38.167539267015705,101933.18419053838
5,-37.225130890052355,101975.00024414012
5,-36.282722513089006,102008.6035698781
5,-35.340314136125656,102034.09125434092
5,-34.397905759162306,102052.86347113791
5,-33.455497382198956,102065.58892144068
5,-32.5130890052356,102071.83734809078
5,-31.57068062827225,102071.64127604147
5,-30.6282722513089,102062.38156466949
5,-29.68586387434555,102046.51481119722
5,-28.7434554973822,102023.97018771658
5,-27.80104712041885,101996.68004014765
5,-26.8586387434555,101964.3800727002
5,-25.916230366492144,101927.77989366312
5,-24.9738219895288,101885.84290907088
5,-24.031413612565444,101839.90505642323
5,-23.0890052356021,101792.79405381969
5,-22.146596858638745,101742.34882269942
5,-21.204188481675388,101688.14306640594
5,-20.261780104712045,101633.45022243976
5,-19.31937172774869,101577.91392686647
5,-18.376963350785346,101523.17778862795
5,-17.43455497382199,101467.22900390608
5,-16.492146596858646,101413.65950520808
5,-15.54973821989529,101363.08433702285
5,-14.607329842931932,101318.91457790774
5,-13.66492146596859,101274.27962239634
5,-12.722513089005233,101229.91457790753
5,-11.78010471204189,101187.94967990465
5,-10.837696335078533,101150.81480577266
5,-9.89528795811519,101116.0698784728
5,-8.952879581151834,101084.77175564195
5,-8.010471204188477,101056.8816731767
5,-7.068062827225134,101032.72471788197
5,-6.125654450261777,101014.86718750028
5,-5.1832460732984345,100999.10603841122
5,-4.240837696335078,100988.89192708365
5,-3.298429319371735,100980.91905381891
5,-2.356020942408378,100975.42491319425
5,-1.4136125654450211,100973.5937228737
5,-0.47120418848167844,100972.1759982635
5,0.47120418848167844,100969.87947591109
5,1.4136125654450211,100966.14179145009
5,2.356020942408378,100960.89317491293
5,3.2984293193717207,100956.06599934839
5,4.240837696335078,100955.41484917572
5,5.1832460732984345,100956.2173122828
5,6.125654450261777,100957.35538737013
5,7.068062827225134,100958.85039605037
5,8.010471204188477,100959.92363823742
5,8.952879581151834,100963.80569118889
5,9.895287958115176,100966.9625651044
5,10.837696335078533,100971.44075520844
5,11.78010471204189,100980.35202365462
5,12.722513089005233,100992.62052408805
5,13.66492146596859,101011.06325954918
5,14.607329842931932,101035.82793511252
5,15.54973821989529,101058.02262369823
5,16.492146596858632,101082.49026150147
5,17.43455497382199,101112.20220269072
5,18.376963350785346,101144.19004991271
5,19.31937172774869,101177.53073459204
5,20.261780104712045,101213.06852213586
5,21.204188481675388,101246.57231987805
5,22.146596858638745,101284.61401367155
5,23.089005235602087,101323.81382921027
5,24.031413612565444,101358.10791015586
5,24.9738219895288,101389.9351942271
5,25.916230366492144,101419.90356445312
5,26.8586387434555,101461.02661132858
5,27.801047120418843,101515.45220269101
5,28.7434554973822,101565.06814236066
5,29.685863874345543,101602.64114040739
5,30.6282722513089,101630.97347005138
5,31.570680628272257,101659.56312391473
5,32.5130890052356,101687.74221462721
5,33.455497382198956,101723.74216037313
5,34.3979057591623,101754.19639757014
5,35.340314136125656,101781.096381294
5,36.282722513089,101778.68242730001
5,37.225130890052355,101759.25911458272
5,38.16753926701571,101740.23494466161
5,39.10994764397907,101719.83002387076
5,40.0523560209424,101696.0239800344
5,40.994764397905755,101676.80813259602
5,41.93717277486911,101656.98212348061
5,42.87958115183247,101626.16560872392
5,43.8219895287958,101585.78257920948
5,44.764397905759154,101547.89347330696
5,45.70680628272251,101516.0526801222
5,46.64921465968587,101486.0706922748
5,47.591623036649224,101452.31955295111
5,48.53403141361255,101418.78594292565
5,49.47643979057591,101389.00417751676
5,50.41884816753927,101364.13878038187
5,51.36125654450262,101340.3591579857
5,52.30366492146598,101324.18825954908
5,53.24607329842931,101311.1003146704
5,54.188481675392666,101304.30221896674
5,55.13089005235602,101302.3830566405
5,56.07329842931938,101303.0208333335
5,57.01570680628271,101308.60161675359
5,57.958115183246065,101317.25981987896
5,58.90052356020942,101332.30110677094
5,59.84293193717278,101356.7707248258
5,60.785340314136135,101388.2032877606
5,61.727748691099464,101419.64423285594
5,62.67015706806282,101449.30783420101
5,63.61256544502618,101482.57145182244
5,64.55497382198953,101523.76150173564
5,65.49738219895289,101565.72064887195
5,66.43979057591622,101612.60975477444
5,67.38219895287958,101657.82695855002
5,68.32460732984293,101704.5347493485
5,69.26701570680629,101751.66254340274
5,70.20942408376962,101811.80107964468
5,71.15183246073298,101878.95659722235
5,72.09424083769633,101951.48581271642
5,73.03664921465969,102025.25292968727
5,73.97905759162305,102097.60693359311
5,74.92146596858638,102168.41555447008
5,75.86387434554973,102236.39035373302
5,76.80628272251309,102300.24956597264
5,77.74869109947645,102359.68275282065
5,78.6910994764398,102417.03743489648
5,79.63350785340313,102473.97124566037
5,80.57591623036649,102528.1633029518
5,81.51832460732984,102586.98627387112
5,82.4607329842932,102639.16406249993
5,83.40314136125653,102675.77235243
5,84.34554973821989,102710.89507378494
5,85.28795811518324,102748.45133463506
5,86.2303664921466,102789.97561306419
5,87.17277486910996,102824.28285047752
5,88.11518324607329,102850.59879557331
5,89.05759162303664,102865.1184082028
5,90.0,102866.60937500019
6,-90.0,100883.51114908907
6,-89.05759162303664,100801.35679795982
6,-88.1151832460733,100641.72238498335
6,-87.17277486910994,100490.74945746563
6,-86.2303664921466,100345.35934787322
6,-85.28795811518324,100221.48139105868
6,-84.3455497382199,100089.45060221344
6,-83.40314136125654,99961.29790581675
6,-82.46073298429319,99842.02159288207
6,-81.51832460732984,99742.27102322006
6,-80.57591623036649,99691.7455512156
6,-79.63350785340315,99677.6102159293
6,-78.69109947643979,99663.35422092034
6,-77.74869109947645,99603.30531141446
6,-76.80628272251309,99519.15275065157
6,-75.86387434554973,99416.56263563404
6,-74.92146596858639,99285.15690104196
6,-73.97905759162303,99165.35432942663
6,-73.03664921465969,99045.85685221323
6,-72.09424083769633,98932.72458224754
6,-71.15183246073298,98824.67909071187
6,-70.20942408376963,98703.2158745665
6,-69.26701570680629,98585.12502712669
6,-68.32460732984293,98480.69672309003
6,-67.38219895287958,98388.63335503436
6,-66.43979057591623,98313.06985134557
6,-65.49738219895288,98258.77007378524
6,-64.55497382198953,98217.60384114532
6,-63.61256544502618,98209.8620605464
6,-62.67015706806283,98238.35611979137
6,-61.72774869109948,98304.00086805555
6,-60.78534031413612,98395.87855360273
6,-59.84293193717278,98508.48931206543
6,-58.90052356020942,98640.81016710072
6,-57.95811518324607,98792.40351019999
6,-57.01570680628272,98959.96435546887
6,-56.07329842931937,99141.99424913205
6,-55.13089005235602,99334.6183810763
6,-54.18848167539267,99533.5858289928
6,-53.24607329842932,99734.24894205757
6,-52.303664921465966,99934.58927408876
6,-51.361256544502616,100131.45673285543
6,-50.41884816753927,100320.704861111
6,-49.47643979057592,100501.77883571989
6,-48.53403141361257,100671.93657769117
6,-47.59162303664922,100832.57432725665
6,-46.64921465968587,100982.55916341193
6,-45.70680628272251,101123.39496527839
6,-44.76439790575916,101253.87207031215
6,-43.82198952879581,101374.86884223024
6,-42.87958115183246,101488.48470052096
6,-41.93717277486911,101595.41970486067
6,-40.99476439790576,101694.95331488778
6,-40.05235602094241,101789.08588324612
6,-39.109947643979055,101876.93747287264
6,-38.167539267015705,101957.69487847245
6,-37.225130890052355,102031.21191406199
6,-36.282722513089006,102096.08203124964
6,-35.340314136125656,102152.25767686688
6,-34.397905759162306,102200.02001953196
6,-33.455497382198956,102240.88690863697
6,-32.5130890052356,102272.8505045578
6,-31.57068062827225,102296.92374674448
6,-30.6282722513089,102310.37079535521
6,-29.68586387434555,102313.846462673
6,-28.7434554973822,102307.76060655326
6,-27.80104712041885,102293.10639105916
6,-26.8586387434555,102270.03849283901
6,-25.916230366492144,102238.63113064233
6,-24.9738219895288,102199.26030815927
6,-24.031413612565444,102152.84486219585
6,-23.0890052356021,102103.7675781253
6,-22.146596858638745,102051.31469726542
6,-21.204188481675388,101994.41427951358
6,-20.261780104712045,101936.54926215332
6,-19.31937172774869,101877.1092664933
6,-18.376963350785346,101818.70073784681
6,-17.43455497382199,101757.83908420116
6,-16.492146596858646,101697.7003851993
6,-15.54973821989529,101640.58544921904
6,-14.607329842931932,101587.164957682
6,-13.66492146596859,101533.8666992193
6,-12.722513089005233,101481.07527669225
6,-11.78010471204189,101431.78171115465
6,-10.837696335078533,101386.45993381075
6,-9.89528795811519,101344.08607313433
6,-8.952879581151834,101304.41533745616
6,-8.010471204188477,101269.32581922706
6,-7.068062827225134,101238.41061740453
6,-6.125654450261777,101214.03843858532
6,-5.1832460732984345,101192.57861328105
6,-4.240837696335078,101177.2431640628
6,-3.298429319371735,101165.7934570307
6,-2.356020942408378,101155.93999565947
6,-1.4136125654450211,101151.30550130254
6,-0.47120418848167844,101148.36810980868
6,0.47120418848167844,101144.27601453963
6,1.4136125654450211,101138.9608289935
6,2.356020942408378,101133.22045898404
6,3.2984293193717207,101127.23901367138
6,4.240837696335078,101123.64127604199
6,5.1832460732984345,101120.91783311612
6,6.125654450261777,101117.24782986147
6,7.068062827225134,101111.86409505205
6,8.010471204188477,101104.70298936586
6,8.952879581151834,101098.27373589369
6,9.895287958115176,101089.40041775201
6,10.837696335078533,101076.44037543405
6,11.78010471204189,101066.13403320318
6,12.722513089005233,101059.97694227382
6,13.66492146596859,101057.70648871582
6,14.607329842931932,101058.54945203973
6,15.54973821989529,101056.44314236137
6,16.492146596858632,101057.71874999959
6,17.43455497382199,101065.20996093722
6,18.376963350785346,101077.55946180498
6,19.31937172774869,101094.77145724835
6,20.261780104712045,101114.73133680604
6,21.204188481675388,101137.02731662303
6,22.146596858638745,101165.1165635848
6,23.089005235602087,101194.77734375022
6,24.031413612565444,101220.74742295976
6,24.9738219895288,101241.5430230031
6,25.916230366492144,101260.97403971353
6,26.8586387434555,101293.11797417593
6,27.801047120418843,101336.13734266482
6,28.7434554973822,101373.11816406198
6,29.685863874345543,101399.33924696122
6,30.6282722513089,101413.17472330666
6,31.570680628272257,101426.82253689208
6,32.5130890052356,101448.041069879
6,33.455497382198956,101475.46365017345
6,34.3979057591623,101497.28670247464
6,35.340314136125656,101511.87177191894
6,36.282722513089,101504.1359320742
6,37.225130890052355,101482.86409505158
6,38.16753926701571,101465.33140733527
6,39.10994764397907,101444.98144531183
6,40.0523560209424,101424.20749240428
6,40.994764397905755,101411.79201931492
6,41.93717277486911,101403.63997395804
6,42.87958115183247,101385.2289496529
6,43.8219895287958,101353.87923177033
6,44.764397905759154,101321.96752929655
6,45.70680628272251,101295.83748372471
6,46.64921465968587,101274.93622504394
6,47.591623036649224,101248.26795789899
6,48.53403141361255,101219.94403754371
6,49.47643979057591,101192.28548177022
6,50.41884816753927,101162.57964409704
6,51.36125654450262,101129.46462673567
6,52.30366492146598,101097.24747721408
6,53.24607329842931,101064.44398329023
6,54.188481675392666,101035.0353461369
6,55.13089005235602,101006.87969292521
6,56.07329842931938,100980.71202256954
6,57.01570680628271,100955.27473958347
6,57.958115183246065,100928.55601671046
6,58.90052356020942,100903.09030490452
6,59.84293193717278,100877.48917643166
6,60.785340314136135,100853.11070421025
6,61.727748691099464,100825.92043728293
6,62.67015706806282,100802.04185655352
6,63.61256544502618,100791.09309895788
6,64.55497382198953,100791.95795355843
6,65.49738219895289,100802.07264539969
6,66.43979057591622,100818.16522894987
6,67.38219895287958,100833.67689344585
6,68.32460732984293,100857.46468098924
6,69.26701570680629,100880.29144965272
6,70.20942408376962,100912.6875542541
6,71.15183246073298,100939.12006293406
6,72.09424083769633,100962.34440104103
6,73.03664921465969,100980.47463650147
6,73.97905759162305,100995.79193793348
6,74.92146596858638,101003.96717664893
6,75.86387434554973,101012.56309678855
6,76.80628272251309,101022.33799913239
6,77.74869109947645,101041.54310438316
6,78.6910994764398,101065.47870551284
6,79.63350785340313,101092.31228298678
6,80.57591623036649,101120.69864908892
6,81.51832460732984,101150.41289604985
6,82.4607329842932,101171.60937499994
6,83.40314136125653,101184.00450303759
6,84.34554973821989,101193.74091254361
6,85.28795811518324,101203.08572048566
6,86.2303664921466,101212.90852864581
6,87.17277486910996,101221.25965711821
6,88.11518324607329,101228.63047960117
6,89.05759162303664,101232.49310980868
6,90.0,101233.23437500026
7,-90.0,100610.49517144088
7,-89.05759162303664,100510.40123155351
7,-88.1151832460733,100322.2936197924
7,-87.17277486910994,100140.35004340307
7,-86.2303664921466,99972.61113823787
7,-85.28795811518324,99818.10083007778
7,-84.3455497382199,99666.77197265626
7,-83.40314136125654,99507.698676216
7,-82.46073298429319,99342.23928493938
7,-81.51832460732984,99208.20776367142
7,-80.57591623036649,99122.64482964444
7,-79.63350785340315,99076.21793619836
7,-78.69109947643979,99031.31800672773
7,-77.74869109947645,98958.13636610193
7,-76.80628272251309,98876.10560438408
7,-75.86387434554973,98803.8682454431
7,-74.92146596858639,98727.7188585073
7,-73.97905759162303,98660.80284288147
7,-73.03664921465969,98597.48147243896
7,-72.09424083769633,98551.76486545081
7,-71.15183246073298,98517.87906901045
7,-70.20942408376963,98476.25561523497
7,-69.26701570680629,98434.2487250433
7,-68.32460732984293,98413.20692274271
7,-67.38219895287958,98403.8039550778
7,-66.43979057591623,98405.89187282999
7,-65.49738219895288,98415.72816297789
7,-64.55497382198953,98423.56765407941
7,-63.61256544502618,98457.1128472218
7,-62.67015706806283,98520.57462565068
7,-61.72774869109948,98615.83477105034
7,-60.78534031413612,98729.47433810789
7,-59.84293193717278,98856.02777777717
7,-58.90052356020942,98994.8156738282
7,-57.95811518324607,99144.39092339447
7,-57.01570680628272,99303.80463324668
7,-56.07329842931937,99471.14860026061
7,-55.13089005235602,99642.43573676192
7,-54.18848167539267,99815.00827365428
7,-53.24607329842932,99986.89531792566
7,-52.303664921465966,100155.75816514778
7,-51.361256544502616,100320.82237413155
7,-50.41884816753927,100480.77387152768
7,-49.47643979057592,100638.83026801159
7,-48.53403141361257,100791.76025390648
7,-47.59162303664922,100940.91267903615
7,-46.64921465968587,101084.30843099004
7,-45.70680628272251,101222.26757812557
7,-44.76439790575916,101353.48055012988
7,-43.82198952879581,101478.13156466959
7,-42.87958115183246,101597.02745225707
7,-41.93717277486911,101710.75916883642
7,-40.99476439790576,101817.80826822972
7,-40.05235602094241,101918.16566297703
7,-39.109947643979055,102012.45345052019
7,-38.167539267015705,102099.15671115473
7,-37.225130890052355,102177.34977213485
7,-36.282722513089006,102244.51432291634
7,-35.340314136125656,102301.76112196234
7,-34.397905759162306,102348.08957248337
7,-33.455497382198956,102386.8916558158
7,-32.5130890052356,102414.8058539501
7,-31.57068062827225,102432.84239366287
7,-30.6282722513089,102438.39249674405
7,-29.68586387434555,102433.27067057234
7,-28.7434554973822,102419.6280381939
7,-27.80104712041885,102397.2847222223
7,-26.8586387434555,102367.21630859429
7,-25.916230366492144,102330.30523003469
7,-24.9738219895288,102285.8828667531
7,-24.031413612565444,102234.65974934863
7,-23.0890052356021,102181.4195421009
7,-22.146596858638745,102125.171739366
7,-21.204188481675388,102064.7927788625
7,-20.261780104712045,102002.48307291717
7,-19.31937172774869,101939.05216471374
7,-18.376963350785346,101876.40915256017
7,-17.43455497382199,101811.66311306405
7,-16.492146596858646,101748.08458116284
7,-15.54973821989529,101687.16566297771
7,-14.607329842931932,101632.8848198783
7,-13.66492146596859,101577.82297092055
7,-12.722513089005233,101521.0017903641
7,-11.78010471204189,101467.51543511292
7,-10.837696335078533,101419.6580403647
7,-9.89528795811519,101374.2765570753
7,-8.952879581151834,101332.75954861069
7,-8.010471204188477,101295.30246310716
7,-7.068062827225134,101262.31833224818
7,-6.125654450261777,101236.21112738745
7,-5.1832460732984345,101213.7659505206
7,-4.240837696335078,101198.33612738742
7,-3.298429319371735,101186.0759548606
7,-2.356020942408378,101175.24956597203
7,-1.4136125654450211,101169.86417643269
7,-0.47120418848167844,101165.51521809862
7,0.47120418848167844,101159.52444118881
7,1.4136125654450211,101152.81317816892
7,2.356020942408378,101144.94023980007
7,3.2984293193717207,101137.06692165752
7,4.240837696335078,101130.74544270869
7,5.1832460732984345,101124.90294053801
7,6.125654450261777,101118.51245117212
7,7.068062827225134,101110.60422092016
7,8.010471204188477,101098.767333984
7,8.952879581151834,101086.53819444415
7,9.895287958115176,101072.42835829013
7,10.837696335078533,101055.32212999134
7,11.78010471204189,101040.79690212687
7,12.722513089005233,101030.81534830685
7,13.66492146596859,101024.80069987025
7,14.607329842931932,101019.41069878454
7,15.54973821989529,101010.67933485268
7,16.492146596858632,101003.11897786439
7,17.43455497382199,100999.39637586783
7,18.376963350785346,100998.81201171815
7,19.31937172774869,101007.78664822062
7,20.261780104712045,101019.48011610287
7,21.204188481675388,101038.22802734337
7,22.146596858638745,101066.57652452232
7,23.089005235602087,101102.16276041696
7,24.031413612565444,101140.05498589372
7,24.9738219895288,101176.69919162295
7,25.916230366492144,101215.81662326382
7,26.8586387434555,101266.33805338595
7,27.801047120418843,101326.83333333342
7,28.7434554973822,101382.93136935719
7,29.685863874345543,101425.65136718699
7,30.6282722513089,101454.22702365382
7,31.570680628272257,101482.39127604131
7,32.5130890052356,101516.23825412375
7,33.455497382198956,101557.29180230015
7,34.3979057591623,101597.05390082538
7,35.340314136125656,101629.31431749188
7,36.282722513089,101637.41528320273
7,37.225130890052355,101618.91935221294
7,38.16753926701571,101605.27541775194
7,39.10994764397907,101588.26087782052
7,40.0523560209424,101564.85115559869
7,40.994764397905755,101545.1359320753
7,41.93717277486911,101531.83694118887
7,42.87958115183247,101505.12879774321
7,43.8219895287958,101461.89160156187
7,44.764397905759154,101418.26562499971
7,45.70680628272251,101376.64341905444
7,46.64921465968587,101335.14572482691
7,47.591623036649224,101285.71845160556
7,48.53403141361255,101232.63519965309
7,49.47643979057591,101175.86935763822
7,50.41884816753927,101113.41761610238
7,51.36125654450262,101041.12131076344
7,52.30366492146598,100967.035915799
7,53.24607329842931,100893.80371093778
7,54.188481675392666,100822.2068142359
7,55.13089005235602,100750.04880099812
7,56.07329842931938,100683.22970920152
7,57.01570680628271,100618.55783420157
7,57.958115183246065,100559.75583224867
7,58.90052356020942,100508.19070095487
7,59.84293193717278,100464.45019531189
7,60.785340314136135,100431.98885091174
7,61.727748691099464,100407.04630533858
7,62.67015706806282,100390.52886284696
7,63.61256544502618,100389.31882052904
7,64.55497382198953,100400.42833116266
7,65.49738219895289,100418.79774305595
7,66.43979057591622,100442.40527343772
7,67.38219895287958,100465.16929795974
7,68.32460732984293,100486.86295572888
7,69.26701570680629,100509.7609320745
7,70.20942408376962,100537.38796658046
7,71.15183246073298,100567.56073676223
7,72.09424083769633,100598.05946180492
7,73.03664921465969,100627.02208116298
7,73.97905759162305,100651.56106228242
7,74.92146596858638,100671.09358723921
7,75.86387434554973,100690.02813042565
7,76.80628272251309,100708.36463758723
7,77.74869109947645,100728.7077636714
7,78.6910994764398,100748.64352756126
7,79.63350785340313,100770.30205620718
7,80.57591623036649,100785.14629448822
7,81.51832460732984,100799.08767361061
7,82.4607329842932,100804.45008680549
7,83.40314136125653,100805.23274739533
7,84.34554973821989,100799.603841146
7,85.28795811518324,100791.18199327217
7,86.2303664921466,100783.14290364584
7,87.17277486910996,100773.72235785589
7,88.11518324607329,100765.52297634585
7,89.05759162303664,100756.35525173576
7,90.0,100755.41406249978
8,-90.0,100817.91069878492
8,-89.05759162303664,100710.20713975663
8,-88.1151832460733,100514.10118272643
8,-87.17277486910994,100368.80154079893
8,-86.2303664921466,100251.95703125004
8,-85.28795811518324,100179.6426595048
8,-84.3455497382199,100101.90852864577
8,-83.40314136125654,100021.44675021773
8,-82.46073298429319,99916.09044053829
8,-81.51832460732984,99818.77962239539
8,-80.57591623036649,99764.23811848994
8,-79.63350785340315,99735.27870008729
8,-78.69109947643979,99705.48923068595
8,-77.74869109947645,99638.21183268185
8,-76.80628272251309,99552.0538736984
8,-75.86387434554973,99454.56637912359
8,-74.92146596858639,99334.82226562532
8,-73.97905759162303,99210.24131944391
8,-73.03664921465969,99084.23190646675
8,-72.09424083769633,98967.66373697853
8,-71.15183246073298,98854.17062717023
8,-70.20942408376963,98723.48556857686
8,-69.26701570680629,98589.08968098955
8,-68.32460732984293,98478.95741102393
8,-67.38219895287958,98392.59914822014
8,-66.43979057591623,98324.95271809907
8,-65.49738219895288,98276.9696723094
8,-64.55497382198953,98239.3131510411
8,-63.61256544502618,98227.8326280377
8,-62.67015706806283,98252.44132486953
8,-61.72774869109948,98311.22471788198
8,-60.78534031413612,98398.39610460101
8,-59.84293193717278,98508.75873480849
8,-58.90052356020942,98636.42567274308
8,-57.95811518324607,98777.82074652814
8,-57.01570680628272,98931.27902560777
8,-56.07329842931937,99094.86941189256
8,-55.13089005235602,99268.2347547741
8,-54.18848167539267,99450.16088867157
8,-53.24607329842932,99637.58610026065
8,-52.303664921465966,99828.79494900201
8,-51.361256544502616,100020.48944769922
8,-50.41884816753927,100210.00632052949
8,-49.47643979057592,100396.97683376673
8,-48.53403141361257,100578.89396158885
8,-47.59162303664922,100755.83642578093
8,-46.64921465968587,100926.11813693633
8,-45.70680628272251,101089.46343316037
8,-44.76439790575916,101244.46544053785
8,-43.82198952879581,101390.18066406192
8,-42.87958115183246,101525.69626193587
8,-41.93717277486911,101651.84431966118
8,-40.99476439790576,101766.78911675417
8,-40.05235602094241,101872.2077365448
8,-39.109947643979055,101968.11661783794
8,-38.167539267015705,102054.26698133706
8,-37.225130890052355,102132.46137152714
8,-36.282722513089006,102200.23771158815
8,-35.340314136125656,102257.70439995706
8,-34.397905759162306,102306.25206163264
8,-33.455497382198956,102346.3344455294
8,-32.5130890052356,102375.88294813415
8,-31.57068062827225,102395.762207031
8,-30.6282722513089,102403.41324869721
8,-29.68586387434555,102400.51635742128
8,-28.7434554973822,102389.1095377599
8,-27.80104712041885,102368.9446343316
8,-26.8586387434555,102342.25740559949
8,-25.916230366492144,102309.38007269974
8,-24.9738219895288,102269.7323133677
8,-24.031413612565444,102224.43012152746
8,-23.0890052356021,102177.70719401067
8,-22.146596858638745,102128.21752929655
8,-21.204188481675388,102074.89143880167
8,-20.261780104712045,102020.23467339457
8,-19.31937172774869,101964.68177625885
8,-18.376963350785346,101908.55240885366
8,-17.43455497382199,101849.09819878447
8,-16.492146596858646,101789.5878906248
8,-15.54973821989529,101731.09898546037
8,-14.607329842931932,101678.16672091992
8,-13.66492146596859,101625.02064344673
8,-12.722513089005233,101570.13766818527
8,-11.78010471204189,101518.22463650184
8,-10.837696335078533,101471.93910047752
8,-9.89528795811519,101428.51155599022
8,-8.952879581151834,101388.06016710025
8,-8.010471204188477,101351.37185329811
8,-7.068062827225134,101319.27514648427
8,-6.125654450261777,101294.45654296894
8,-5.1832460732984345,101272.60742187483
8,-4.240837696335078,101256.58078342043
8,-3.298429319371735,101244.21202256897
8,-2.356020942408378,101233.66417100663
8,-1.4136125654450211,101229.31616210997
8,-0.47120418848167844,101227.3346082896
8,0.47120418848167844,101224.32663302908
8,1.4136125654450211,101220.08265516542
8,2.356020942408378,101214.33119032088
8,3.2984293193717207,101207.66132269915
8,4.240837696335078,101201.5401746965
8,5.1832460732984345,101193.66777886267
8,6.125654450261777,101184.2618272572
8,7.068062827225134,101174.53298611111
8,8.010471204188477,101161.82747395794
8,8.952879581151834,101149.32142469578
8,9.895287958115176,101133.807481554
8,10.837696335078533,101113.79012044273
8,11.78010471204189,101097.03748914943
8,12.722513089005233,101085.34912109331
8,13.66492146596859,101078.81439887216
8,14.607329842931932,101075.35709635392
8,15.54973821989529,101067.55943467919
8,16.492146596858632,101061.88525390599
8,17.43455497382199,101061.90635850672
8,18.376963350785346,101065.02899848035
8,19.31937172774869,101075.45166015631
8,20.261780104712045,101087.12141927131
8,21.204188481675388,101102.89854600656
8,22.146596858638745,101125.58805338512
8,23.089005235602087,101152.69262695334
8,24.031413612565444,101180.58661566813
8,24.9738219895288,101205.7946777341
8,25.916230366492144,101232.90831163192
8,26.8586387434555,101271.3295084641
8,27.801047120418843,101321.14754231779
8,28.7434554973822,101366.57128906199
8,29.685863874345543,101398.0640462234
8,30.6282722513089,101415.59423828044
8,31.570680628272257,101432.849473741
8,32.5130890052356,101452.93863932337
8,33.455497382198956,101479.5687934026
8,34.3979057591623,101503.06098090352
8,35.340314136125656,101517.28203667582
8,36.282722513089,101508.74069552908
8,37.225130890052355,101477.83119032059
8,38.16753926701571,101451.91767035608
8,39.10994764397907,101427.3750271261
8,40.0523560209424,101396.88818359339
8,40.994764397905755,101374.10655382
8,41.93717277486911,101360.68858506909
8,42.87958115183247,101332.61100260424
8,43.8219895287958,101292.08718532925
8,44.764397905759154,101251.94360351528
8,45.70680628272251,101220.8777126742
8,46.64921465968587,101193.67396375923
8,47.591623036649224,101162.18551974789
8,48.53403141361255,101128.66880967905
8,49.47643979057591,101093.99167209146
8,50.41884816753927,101056.35929361974
8,51.36125654450262,101017.84431966099
8,52.30366492146598,100979.7086046012
8,53.24607329842931,100942.80460612007
8,54.188481675392666,100905.94647894941
8,55.13089005235602,100868.83449978281
8,56.07329842931938,100836.37234158
8,57.01570680628271,100807.58930121547
8,57.958115183246065,100782.80585395008
8,58.90052356020942,100763.15370008683
8,59.84293193717278,100748.58314344555
8,60.785340314136135,100735.53100585962
8,61.727748691099464,100722.85625542533
8,62.67015706806282,100712.95515950499
8,63.61256544502618,100709.60319010368
8,64.55497382198953,100708.73863389701
8,65.49738219895289,100707.47100151946
8,66.43979057591622,100705.64843750015
8,67.38219895287958,100701.4881456158
8,68.32460732984293,100699.58477104994
8,69.26701570680629,100696.60188802071
8,70.20942408376962,100699.88642035649
8,71.15183246073298,100703.69018554692
8,72.09424083769633,100708.79939778578
8,73.03664921465969,100713.60484483474
8,73.97905759162305,100723.37147352373
8,74.92146596858638,100728.5665418833
8,75.86387434554973,100731.35210503507
8,76.80628272251309,100727.48361545187
8,77.74869109947645,100712.29635959158
8,78.6910994764398,100692.56442599889
8,79.63350785340313,100674.96289062561
8,80.57591623036649,100656.05064561665
8,81.51832460732984,100637.12236870607
8,82.4607329842932,100617.80864800338
8,83.40314136125653,100599.88595920087
8,84.34554973821989,100579.07568359387
8,85.28795811518324,100562.28729926178
8,86.2303664921466,100548.14035373267
8,87.17277486910996,100539.10297309028
8,88.11518324607329,100537.9823404952
8,89.05759162303664,100537.64111328092
8,90.0,100535.91406249975
9,-90.0,100389.13324652819
9,-89.05759162303664,100295.04497612816
9,-88.1151832460733,100112.40668402852
9,-87.17277486910994,99957.31247287363
9,-86.2303664921466,99805.06127929689
9,-85.28795811518324,99678.67499457426
9,-84.3455497382199,99554.79600694455
9,-83.40314136125654,99431.78336588612
9,-82.46073298429319,99299.19344075528
9,-81.51832460732984,99172.74191623228
9,-80.57591623036649,99087.48236762191
9,-79.63350785340315,99035.4107259119
9,-78.69109947643979,98986.21544053848
9,-77.74869109947645,98897.03900824596
9,-76.80628272251309,98791.03106011334
9,-75.86387434554973,98664.99329969657
9,-74.92146596858639,98533.26063368088
9,-73.97905759162303,98418.40494791616
9,-73.03664921465969,98320.08116319415
9,-72.09424083769633,98241.02902560704
9,-71.15183246073298,98178.05173068585
9,-70.20942408376963,98099.1271158859
9,-69.26701570680629,98021.41824001736
9,-68.32460732984293,97965.28700086773
9,-67.38219895287958,97927.34347873229
9,-66.43979057591623,97901.11854383697
9,-65.49738219895288,97890.86566840325
9,-64.55497382198953,97889.22922091954
9,-63.61256544502618,97907.70019531198
9,-62.67015706806283,97953.30400933132
9,-61.72774869109948,98032.9633246528
9,-60.78534031413612,98143.18503146728
9,-59.84293193717278,98280.12906900984
9,-58.90052356020942,98437.2329915365
9,-57.95811518324607,98610.66471354202
9,-57.01570680628272,98798.73144531263
9,-56.07329842931937,99000.2459852432
9,-55.13089005235602,99211.14076063356
9,-54.18848167539267,99427.68367513
9,-53.24607329842932,99646.16577148461
9,-52.303664921465966,99864.56114366348
9,-51.361256544502616,100078.90516493004
9,-50.41884816753927,100289.03344726554
9,-49.47643979057592,100494.54334852372
9,-48.53403141361257,100693.51638454886
9,-47.59162303664922,100885.03312174446
9,-46.64921465968587,101067.00013563415
9,-45.70680628272251,101238.64103190169
9,-44.76439790575916,101397.9586046004
9,-43.82198952879581,101545.057915581
9,-42.87958115183246,101680.92572699666
9,-41.93717277486911,101806.17472330696
9,-40.99476439790576,101919.6597222229
9,-40.05235602094241,102020.26220703089
9,-39.109947643979055,102108.58515082403
9,-38.167539267015705,102182.9325358075
9,-37.225130890052355,102244.62226019909
9,-36.282722513089006,102292.25227864539
9,-35.340314136125656,102328.84814453183
9,-34.397905759162306,102353.4772135424
9,-33.455497382198956,102366.37296549465
9,-32.5130890052356,102367.4889051654
9,-31.57068062827225,102358.86130099795
9,-30.6282722513089,102341.76725260336
9,-29.68586387434555,102316.24772135356
9,-28.7434554973822,102283.85142686588
9,-27.80104712041885,102245.87817382811
9,-26.8586387434555,102202.97333441892
9,-25.916230366492144,102154.5991210937
9,-24.9738219895288,102102.23640950484
9,-24.031413612565444,102046.28634982611
9,-23.0890052356021,101990.94618055578
9,-22.146596858638745,101934.8006727427
9,-21.204188481675388,101876.28412543381
9,-20.261780104712045,101818.37125651096
9,-19.31937172774869,101761.5466308595
9,-18.376963350785346,101704.34768337617
9,-17.43455497382199,101645.8212619356
9,-16.492146596858646,101588.45185004313
9,-15.54973821989529,101532.40795898458
9,-14.607329842931932,101483.62551540777
9,-13.66492146596859,101434.02180989635
9,-12.722513089005233,101381.95298936579
9,-11.78010471204189,101334.234592014
9,-10.837696335078533,101292.29269748261
9,-9.89528795811519,101253.06336805611
9,-8.952879581151834,101217.68945312456
9,-8.010471204188477,101185.46506076348
9,-7.068062827225134,101158.53781467018
9,-6.125654450261777,101137.9136555992
9,-5.1832460732984345,101119.95673285575
9,-4.240837696335078,101107.57278103339
9,-3.298429319371735,101098.74986436577
9,-2.356020942408378,101090.44007703963
9,-1.4136125654450211,101087.65828450565
9,-0.47120418848167844,101086.69471571148
9,0.47120418848167844,101083.39219835031
9,1.4136125654450211,101079.50268554731
9,2.356020942408378,101073.12117512996
9,3.2984293193717207,101066.00770399255
9,4.240837696335078,101059.4763726132
9,5.1832460732984345,101051.13658311608
9,6.125654450261777,101042.97111002632
9,7.068062827225134,101035.06939019095
9,8.010471204188477,101023.84491644929
9,8.952879581151834,101011.32204861069
9,9.895287958115176,100997.98936631971
9,10.837696335078533,100980.74647352436
9,11.78010471204189,100967.40863715288
9,12.722513089005233,100958.42871093696
9,13.66492146596859,100955.06070963595
9,14.607329842931932,100955.71340603274
9,15.54973821989529,100953.0472547746
9,16.492146596858632,100954.93180338513
9,17.43455497382199,100964.04017469597
9,18.376963350785346,100980.00897894915
9,19.31937172774869,101002.66482204877
9,20.261780104712045,101029.8544108077
9,21.204188481675388,101061.56792534693
9,22.146596858638745,101098.84152560736
9,23.089005235602087,101141.45659722251
9,24.031413612565444,101185.14290364557
9,24.9738219895288,101227.05598958296
9,25.916230366492144,101272.35720486114
9,26.8586387434555,101331.3693305127
9,27.801047120418843,101400.26654730909
9,28.7434554973822,101464.26888020785
9,29.685863874345543,101517.26687282932
9,30.6282722513089,101557.32259114504
9,31.570680628272257,101593.75428602402
9,32.5130890052356,101630.84033203183
9,33.455497382198956,101672.26844618034
9,34.3979057591623,101710.58455403721
9,35.340314136125656,101748.05227322102
9,36.282722513089,101775.01597764721
9,37.225130890052355,101785.78884548556
9,38.16753926701571,101791.43869357658
9,39.10994764397907,101795.98318142297
9,40.0523560209424,101797.00667317679
9,40.994764397905755,101801.97783745723
9,41.93717277486911,101805.42898220457
9,42.87958115183247,101802.58653428828
9,43.8219895287958,101793.00485568511
9,44.764397905759154,101780.50618489558
9,45.70680628272251,101768.91362847283
9,46.64921465968587,101752.38430447101
9,47.591623036649224,101724.7755262583
9,48.53403141361255,101690.17097981789
9,49.47643979057591,101647.89949544217
9,50.41884816753927,101599.61707899289
9,51.36125654450262,101545.57212999085
9,52.30366492146598,101486.52099609426
9,53.24607329842931,101424.54272460964
9,54.188481675392666,101361.54806857607
9,55.13089005235602,101299.17165798593
9,56.07329842931938,101237.20578342021
9,57.01570680628271,101174.55650499144
9,57.958115183246065,101111.05843098999
9,58.90052356020942,101049.93636067717
9,59.84293193717278,100996.09402126673
9,60.785340314136135,100952.56363932327
9,61.727748691099464,100913.81835937504
9,62.67015706806282,100880.2583279077
9,63.61256544502618,100853.293945312
9,64.55497382198953,100833.6255967877
9,65.49738219895289,100817.76519097263
9,66.43979057591622,100808.92011176237
9,67.38219895287958,100802.76730685726
9,68.32460732984293,100799.33715820272
9,69.26701570680629,100796.69194878466
9,70.20942408376962,100797.97922092075
9,71.15183246073298,100810.76481119797
9,72.09424083769633,100838.24636501678
9,73.03664921465969,100868.62481011254
9,73.97905759162305,100899.96264648387
9,74.92146596858638,100928.28691948745
9,75.86387434554973,100950.62481011331
9,76.80628272251309,100975.11664496564
9,77.74869109947645,100988.9986165358
9,78.6910994764398,100996.58615451462
9,79.63350785340313,101004.54101562565
9,80.57591623036649,101016.25504557331
9,81.51832460732984,101031.49319118877
9,82.4607329842932,101043.92860243063
9,83.40314136125653,101058.79847547687
9,84.34554973821989,101077.72561306442
9,85.28795811518324,101098.43443467848
9,86.2303664921466,101119.30297851564
9,87.17277486910996,101137.50827365463
9,88.11518324607329,101152.66650390663
9,89.05759162303664,101160.83487955695
9,90.0,101165.00000000071
10,-90.0,99517.34282769157
10,-89.05759162303664,99427.67930772541
10,-88.1151832460733,99279.38609483585
10,-87.17277486910994,99124.79524739618
10,-86.2303664921466,98984.65445963538
10,-85.28795811518324,98863.20288085892
10,-84.3455497382199,98745.67179361983
10,-83.40314136125654,98624.3603786901
10,-82.46073298429319,98495.77845594636
10,-81.51832460732984,98379.45054795958
10,-80.57591623036649,98304.97734917572
10,-79.63350785340315,98271.32728407164
10,-78.69109947643979,98237.73798285617
10,-77.74869109947645,98180.36623806373
10,-76.80628272251309,98118.47059461848
10,-75.86387434554973,98066.36159939275
10,-74.92146596858639,98000.60422092049
10,-73.97905759162303,97940.13688150996
10,-73.03664921465969,97886.41270616298
10,-72.09424083769633,97844.76725260362
10,-71.15183246073298,97797.79866536464
10,-70.20942408376963,97729.3666449659
10,-69.26701570680629,97657.97810872388
10,-68.32460732984293,97600.00488281221
10,-67.38219895287958,97555.79299587639
10,-66.43979057591623,97521.29638671882
10,-65.49738219895288,97512.45540364632
10,-64.55497382198953,97533.19064670085
10,-63.61256544502618,97591.26565212634
10,-62.67015706806283,97683.15993923583
10,-61.72774869109948,97799.4933539497
10,-60.78534031413612,97943.00176323818
10,-59.84293193717278,98112.06179470422
10,-58.90052356020942,98298.9322916667
10,-57.95811518324607,98499.66175672789
10,-57.01570680628272,98712.57522243938
10,-56.07329842931937,98936.35055881094
10,-55.13089005235602,99168.40025499118
10,-54.18848167539267,99405.47121853268
10,-53.24607329842932,99645.70486111136
10,-52.303664921465966,99884.15920681453
10,-51.361256544502616,100118.2826877166
10,-50.41884816753927,100344.79600694435
10,-49.47643979057592,100561.77655707407
10,-48.53403141361257,100767.3415256079
10,-47.59162303664922,100960.80343966986
10,-46.64921465968587,101141.67594401084
10,-45.70680628272251,101308.5257975267
10,-44.76439790575916,101461.00046115424
10,-43.82198952879581,101598.4307183154
10,-42.87958115183246,101721.58409288204
10,-41.93717277486911,101831.07177734342
10,-40.99476439790576,101926.4244791673
10,-40.05235602094241,102007.5249565969
10,-39.109947643979055,102075.01860894037
10,-38.167539267015705,102127.1667209204
10,-37.225130890052355,102166.53190104109
10,-36.282722513089006,102193.24820963501
10,-35.340314136125656,102209.51831054744
10,-34.397905759162306,102215.07750108578
10,-33.455497382198956,102211.11588541657
10,-32.5130890052356,102196.48470052134
10,-31.57068062827225,102174.948160807
10,-30.6282722513089,102146.86802842806
10,-29.68586387434555,102114.21704101507
10,-28.7434554973822,102077.03412543354
10,-27.80104712041885,102035.40820312501
10,-26.8586387434555,101989.90329318636
10,-25.916230366492144,101940.23410373264
10,-24.9738219895288,101887.51443142327
10,-24.031413612565444,101832.86444769932
10,-23.0890052356021,101779.58525933184
10,-22.146596858638745,101725.02568901883
10,-21.204188481675388,101669.84404839379
10,-20.261780104712045,101618.90247938408
10,-19.31937172774869,101570.27395290814
10,-18.376963350785346,101522.70583767309
10,-17.43455497382199,101473.72016059003
10,-16.492146596858646,101426.98825412293
10,-15.54973821989529,101383.44061957498
10,-14.607329842931932,101345.2141655812
10,-13.66492146596859,101308.08987087732
10,-12.722513089005233,101269.66354709155
10,-11.78010471204189,101234.23578559044
10,-10.837696335078533,101202.2440592448
10,-9.89528795811519,101172.73098415855
10,-8.952879581151834,101148.56662326341
10,-8.010471204188477,101126.83987087633
10,-7.068062827225134,101108.3868543837
10,-6.125654450261777,101094.8637966583
10,-5.1832460732984345,101082.48296440962
10,-4.240837696335078,101074.2564019101
10,-3.298429319371735,101067.95730251678
10,-2.356020942408378,101062.3355577255
10,-1.4136125654450211,101060.21563042581
10,-0.47120418848167844,101060.05013020807
10,0.47120418848167844,101056.1619194875
10,1.4136125654450211,101051.73890516537
10,2.356020942408378,101044.85476345455
10,3.2984293193717207,101038.27096896649
10,4.240837696335078,101032.90020073822
10,5.1832460732984345,101027.99023437485
10,6.125654450261777,101023.63566080756
10,7.068062827225134,101019.24145507811
10,8.010471204188477,101010.70933702216
10,8.952879581151834,101003.71150716112
10,9.895287958115176,101002.02818467902
10,10.837696335078533,101000.62982855906
10,11.78010471204189,101004.29313151048
10,12.722513089005233,101014.38427734327
10,13.66492146596859,101032.53919813424
10,14.607329842931932,101060.4199490017
10,15.54973821989529,101090.57853190138
10,16.492146596858632,101123.61216905358
10,17.43455497382199,101161.38536241297
10,18.376963350785346,101202.75729709146
10,19.31937172774869,101247.35340711824
10,20.261780104712045,101293.58715820362
10,21.204188481675388,101341.65709092852
10,22.146596858638745,101392.99609374974
10,23.089005235602087,101446.67635091169
10,24.031413612565444,101500.08721245627
10,24.9738219895288,101551.04584418368
10,25.916230366492144,101604.40991210935
10,26.8586387434555,101669.27227105088
10,27.801047120418843,101742.56621636284
10,28.7434554973822,101808.3676486541
10,29.685863874345543,101861.44620768167
10,30.6282722513089,101900.55056423535
10,31.570680628272257,101932.29587131047
10,32.5130890052356,101964.6322428392
10,33.455497382198956,102001.95898437478
10,34.3979057591623,102037.27601454062
10,35.340314136125656,102070.78868272626
10,36.282722513089,102104.20893012114
10,37.225130890052355,102124.16455078071
10,38.16753926701571,102136.04079861137
10,39.10994764397907,102141.9219835063
10,40.0523560209424,102139.6626247826
10,40.994764397905755,102130.09057617249
10,41.93717277486911,102108.34806315073
10,42.87958115183247,102077.30116102441
10,43.8219895287958,102042.2114529074
10,44.764397905759154,102003.85785590248
10,45.70680628272251,101966.47618272628
10,46.64921465968587,101927.53556315154
10,47.591623036649224,101884.36805555523
10,48.53403141361255,101840.3844401044
10,49.47643979057591,101795.58349609315
10,50.41884816753927,101746.81032986101
10,51.36125654450262,101694.85891384498
10,52.30366492146598,101641.22314453167
10,53.24607329842931,101586.27899848121
10,54.188481675392666,101530.43269856746
10,55.13089005235602,101470.96544053803
10,56.07329842931938,101410.30015733512
10,57.01570680628271,101344.41742621541
10,57.958115183246065,101274.98635525213
10,58.90052356020942,101207.19254557298
10,59.84293193717278,101152.20781792476
10,60.785340314136135,101109.1974012589
10,61.727748691099464,101069.88964843754
10,62.67015706806282,101026.19563802052
10,63.61256544502618,100984.96671549426
10,64.55497382198953,100946.14152018176
10,65.49738219895289,100911.15288628517
10,66.43979057591622,100883.99568684908
10,67.38219895287958,100852.47938368018
10,68.32460732984293,100820.13747829826
10,69.26701570680629,100786.14520941835
10,70.20942408376962,100747.6495496968
10,71.15183246073298,100715.38856336809
10,72.09424083769633,100692.81868489523
10,73.03664921465969,100676.51966688341
10,73.97905759162305,100661.89699978242
10,74.92146596858638,100652.75360785551
10,75.86387434554973,100647.29823133712
10,76.80628272251309,100647.0737033425
10,77.74869109947645,100643.37763129288
10,78.6910994764398,100644.76223415862
10,79.63350785340313,100651.95977105093
10,80.57591623036649,100665.26174587701
10,81.51832460732984,100676.53816731731
10,82.4607329842932,100675.98722330734
10,83.40314136125653,100663.50878906195
10,84.34554973821989,100654.60731336824
10,85.28795811518324,100635.09491644925
10,86.2303664921466,100613.55433485244
10,87.17277486910996,100595.56312391511
10,88.11518324607329,100581.6542426219
10,89.05759162303664,100572.57839626714
10,90.0,100568.75781250058
11,-90.0,99209.42236328124
11,-89.05759162303664,99164.6404351125
11,-88.1151832460733,99080.17789713613
11,-87.17277486910994,99002.44278971385
11,-86.2303664921466,98918.16870117185
11,-85.28795811518324,98828.72930230002
11,-84.3455497382199,98731.75428602434
11,-83.40314136125654,98635.37893337748
11,-82.46073298429319,98554.60400390641
11,-81.51832460732984,98484.09475368886
11,-80.57591623036649,98441.02539062535
11,-79.63350785340315,98418.70358615494
11,-78.69109947643979,98394.3361545141
11,-77.74869109947645,98340.38606770796
11,-76.80628272251309,98266.42314995706
11,-75.86387434554973,98185.32354058197
11,-74.92146596858639,98095.81833224864
11,-73.97905759162303,98017.37635633627
11,-73.03664921465969,97949.0104980466
11,-72.09424083769633,97889.21107313303
11,-71.15183246073298,97820.86328125
11,-70.20942408376963,97754.31534830779
11,-69.26701570680629,97697.76337348085
11,-68.32460732984293,97655.37098524277
11,-67.38219895287958,97626.89979383643
11,-66.43979057591623,97621.54229058167
11,-65.49738219895288,97656.61716037377
11,-64.55497382198953,97733.12462022514
11,-63.61256544502618,97850.99999999948
11,-62.67015706806283,97999.90882703968
11,-61.72774869109948,98175.4021267361
11,-60.78534031413612,98369.40904405406
11,-59.84293193717278,98576.6265190966
11,-58.90052356020942,98794.83696831597
11,-57.95811518324607,99019.01057942747
11,-57.01570680628272,99246.66842990466
11,-56.07329842931937,99474.71893988733
11,-55.13089005235602,99699.28542751716
11,-54.18848167539267,99919.54283311605
11,-53.24607329842932,100134.03605143257
11,-52.303664921465966,100341.97859700542
11,-51.361256544502616,100542.20855034671
11,-50.41884816753927,100732.59160698765
11,-49.47643979057592,100912.74674479112
11,-48.53403141361257,101082.02102322079
11,-47.59162303664922,101240.28377278613
11,-46.64921465968587,101386.63406033046
11,-45.70680628272251,101518.89100477495
11,-44.76439790575916,101636.05932617158
11,-43.82198952879581,101738.21706814169
11,-42.87958115183246,101824.76510959222
11,-41.93717277486911,101897.2711588539
11,-40.99476439790576,101955.08780924535
11,-40.05235602094241,101999.80352104997
11,-39.109947643979055,102032.20730251669
11,-38.167539267015705,102053.00987413216
11,-37.225130890052355,102062.47154405317
11,-36.282722513089006,102061.4883083764
11,-35.340314136125656,102052.87407769146
11,-34.397905759162306,102035.4402126744
11,-33.455497382198956,102011.26022677928
11,-32.5130890052356,101978.98204210121
11,-31.57068062827225,101942.3341742618
11,-30.6282722513089,101902.12917751662
11,-29.68586387434555,101860.06876627548
11,-28.7434554973822,101817.92640516447
11,-27.80104712041885,101774.36423068577
11,-26.8586387434555,101729.53892686691
11,-25.916230366492144,101681.53133138019
11,-24.9738219895288,101631.66696506047
11,-24.031413612565444,101582.39607747363
11,-23.0890052356021,101537.28838433187
11,-22.146596858638745,101492.04706488685
11,-21.204188481675388,101447.00580512128
11,-20.261780104712045,101405.74598524347
11,-19.31937172774869,101365.14754231785
11,-18.376963350785346,101325.22856987792
11,-17.43455497382199,101285.06122504322
11,-16.492146596858646,101246.16140407954
11,-15.54973821989529,101211.9069010419
11,-14.607329842931932,101183.00225151895
11,-13.66492146596859,101155.76448567762
11,-12.722513089005233,101128.04828558983
11,-11.78010471204189,101100.82294379348
11,-10.837696335078533,101076.51147460948
11,-9.89528795811519,101055.34282769157
11,-8.952879581151834,101038.309271918
11,-8.010471204188477,101022.24867078957
11,-7.068062827225134,101008.59459092886
11,-6.125654450261777,100998.89916992212
11,-5.1832460732984345,100990.07994249111
11,-4.240837696335078,100984.12147352456
11,-3.298429319371735,100980.81778971296
11,-2.356020942408378,100977.82676866293
11,-1.4136125654450211,100976.30864800392
11,-0.47120418848167844,100976.3316514754
11,0.47120418848167844,100973.53445095447
11,1.4136125654450211,100971.1906467019
11,2.356020942408378,100967.3826226125
11,3.2984293193717207,100963.85232204804
11,4.240837696335078,100961.67757161491
11,5.1832460732984345,100960.44287109363
11,6.125654450261777,100962.39675564264
11,7.068062827225134,100965.54077148442
11,8.010471204188477,100968.90679253434
11,8.952879581151834,100978.38783094574
11,9.895287958115176,100996.8505316843
11,10.837696335078533,101019.08200412334
11,11.78010471204189,101046.34762912331
11,12.722513089005233,101080.7115614145
11,13.66492146596859,101123.66731770874
11,14.607329842931932,101175.87122938338
11,15.54973821989529,101229.37046983544
11,16.492146596858632,101286.08558485216
11,17.43455497382199,101345.869628906
11,18.376963350785346,101407.0885687929
11,19.31937172774869,101469.90606011296
11,20.261780104712045,101532.97523329039
11,21.204188481675388,101592.7643771698
11,22.146596858638745,101652.72417534694
11,23.089005235602087,101712.0367838544
11,24.031413612565444,101767.50203450488
11,24.9738219895288,101818.00664605002
11,25.916230366492144,101866.62871636287
11,26.8586387434555,101920.42957899359
11,27.801047120418843,101975.45575629358
11,28.7434554973822,102020.88859049437
11,29.685863874345543,102056.5944010411
11,30.6282722513089,102078.98600260346
11,31.570680628272257,102096.08729383649
11,32.5130890052356,102113.10677083385
11,33.455497382198956,102128.0938585068
11,34.3979057591623,102145.6963975702
11,35.340314136125656,102150.47767469674
11,36.282722513089,102150.66115993889
11,37.225130890052355,102144.64417860185
11,38.16753926701571,102150.43237304711
11,39.10994764397907,102148.23933919199
11,40.0523560209424,102139.39363606725
11,40.994764397905755,102124.788519966
11,41.93717277486911,102099.18717447895
11,42.87958115183247,102058.85522460938
11,43.8219895287958,102020.0783148866
11,44.764397905759154,101983.0267469615
11,45.70680628272251,101944.73966471422
11,46.64921465968587,101899.68570963597
11,47.591623036649224,101846.52560763861
11,48.53403141361255,101789.55183919297
11,49.47643979057591,101723.5400661886
11,50.41884816753927,101651.04578993052
11,51.36125654450262,101574.89431423564
11,52.30366492146598,101498.59350585977
11,53.24607329842931,101419.82796223988
11,54.188481675392666,101339.78982204839
11,55.13089005235602,101260.77216254317
11,56.07329842931938,101186.95909288208
11,57.01570680628271,101111.07356770844
11,57.958115183246065,101034.45933702303
11,58.90052356020942,100961.09407552092
11,59.84293193717278,100904.46549479099
11,60.785340314136135,100863.69064670161
11,61.727748691099464,100825.58306206601
11,62.67015706806282,100785.8793131507
11,63.61256544502618,100750.45298936577
11,64.55497382198953,100722.1691351992
11,65.49738219895289,100700.81049262194
11,66.43979057591622,100689.64838324672
11,67.38219895287958,100672.4574652775
11,68.32460732984293,100654.9889594181
11,69.26701570680629,100639.7913140191
11,70.20942408376962,100623.62619357691
11,71.15183246073298,100611.81301540797
11,72.09424083769633,100611.03325737787
11,73.03664921465969,100614.70968966983
11,73.97905759162305,100625.10614691782
11,74.92146596858638,100638.71166992153
11,75.86387434554973,100659.44444444493
11,76.80628272251309,100681.60641818623
11,77.74869109947645,100709.60023328946
11,78.6910994764398,100744.58246527839
11,79.63350785340313,100783.5071885857
11,80.57591623036649,100824.02766927115
11,81.51832460732984,100875.21221245613
11,82.4607329842932,100917.704969618
11,83.40314136125653,100943.34445529459
11,84.34554973821989,100966.46359592042
11,85.28795811518324,100992.16761610213
11,86.2303664921466,101011.82595486108
11,87.17277486910996,101032.24506293407
11,88.11518324607329,101043.9131944448
11,89.05759162303664,101052.0399305552
11,90.0,101052.62500000089
12,-90.0,99497.15397135474
12,-89.05759162303664,99476.90353732603
12,-88.1151832460733,99439.3478190112
12,-87.17277486910994,99404.0229220923
12,-86.2303664921466,99349.30379231766
12,-85.28795811518324,99264.53092447882
12,-84.3455497382199,99181.34665256081
12,-83.40314136125654,99104.23700629419
12,-82.46073298429319,99039.03515625009
12,-81.51832460732984,98979.80034722183
12,-80.57591623036649,98940.12589518275
12,-79.63350785340315,98915.3210177957
12,-78.69109947643979,98896.30742730056
12,-77.74869109947645,98858.67919921827
12,-76.80628272251309,98797.66121419315
12,-75.86387434554973,98715.66444227469
12,-74.92146596858639,98621.64960394992
12,-73.97905759162303,98530.97688802033
12,-73.03664921465969,98446.73155381923
12,-72.09424083769633,98356.8349066834
12,-71.15183246073298,98255.65418836815
12,-70.20942408376963,98171.06776258729
12,-69.26701570680629,98093.03154839402
12,-68.32460732984293,98021.06065538159
12,-67.38219895287958,97965.48204210028
12,-66.43979057591623,97937.57183159734
12,-65.49738219895288,97947.6682671446
12,-64.55497382198953,97992.17917209149
12,-63.61256544502618,98066.56662326342
12,-62.67015706806283,98168.50759548588
12,-61.72774869109948,98294.5174696181
12,-60.78534031413612,98441.97195095509
12,-59.84293193717278,98605.93636067653
12,-58.90052356020942,98781.51814778645
12,-57.95811518324607,98966.9997016063
12,-57.01570680628272,99158.9295247397
12,-56.07329842931937,99354.44927300361
12,-55.13089005235602,99551.55683051201
12,-54.18848167539267,99749.28971354141
12,-53.24607329842932,99945.82318793423
12,-52.303664921465966,100139.55124240478
12,-51.361256544502616,100329.44696723043
12,-50.41884816753927,100514.4259982637
12,-49.47643979057592,100692.54972330658
12,-48.53403141361257,100862.01898871559
12,-47.59162303664922,101021.08892144072
12,-46.64921465968587,101169.37782118107
12,-45.70680628272251,101305.3617350267
12,-44.76439790575916,101427.94034830699
12,-43.82198952879581,101536.42727321982
12,-42.87958115183246,101629.05411783866
12,-41.93717277486911,101706.55919053781
12,-40.99476439790576,101769.26150173674
12,-40.05235602094241,101818.63826497358
12,-39.109947643979055,101856.79828558967
12,-38.167539267015705,101882.56127929706
12,-37.225130890052355,101895.72271050295
12,-36.282722513089006,101895.72262912293
12,-35.340314136125656,101886.10107421936
12,-34.397905759162306,101869.82123480976
12,-33.455497382198956,101846.06754557275
12,-32.5130890052356,101814.73955620707
12,-31.57068062827225,101778.21169704833
12,-30.6282722513089,101736.22132703921
12,-29.68586387434555,101693.05257161404
12,-28.7434554973822,101648.83794487795
12,-27.80104712041885,101603.51052517374
12,-26.8586387434555,101557.30552842935
12,-25.916230366492144,101508.37445746524
12,-24.9738219895288,101459.17084418367
12,-24.031413612565444,101411.9000922306
12,-23.0890052356021,101368.52137586834
12,-22.146596858638745,101326.07446289036
12,-21.204188481675388,101285.83715820279
12,-20.261780104712045,101249.55167643278
12,-19.31937172774869,101215.26052517373
12,-18.376963350785346,101183.36914062448
12,-17.43455497382199,101152.33230251707
12,-16.492146596858646,101123.47661675324
12,-15.54973821989529,101098.56605360274
12,-14.607329842931932,101080.11105685736
12,-13.66492146596859,101062.51519097277
12,-12.722513089005233,101044.54429795952
12,-11.78010471204189,101027.71440972236
12,-10.837696335078533,101013.67925347222
12,-9.89528795811519,101001.79022895024
12,-8.952879581151834,100992.5272081159
12,-8.010471204188477,100983.24850802918
12,-7.068062827225134,100976.23806423611
12,-6.125654450261777,100972.02669270859
12,-5.1832460732984345,100965.93310546852
12,-4.240837696335078,100963.44273546041
12,-3.298429319371735,100962.67339409675
12,-2.356020942408378,100961.51367187472
12,-1.4136125654450211,100961.63658311682
12,-0.47120418848167844,100962.77015516456
12,0.47120418848167844,100961.44854058127
12,1.4136125654450211,100959.49690755257
12,2.356020942408378,100956.31024848064
12,3.2984293193717207,100953.54614257766
12,4.240837696335078,100952.91105143259
12,5.1832460732984345,100954.66159396677
12,6.125654450261777,100960.50550672771
12,7.068062827225134,100969.38604058156
12,8.010471204188477,100982.02275933116
12,8.952879581151834,101002.9091796871
12,9.895287958115176,101031.97295464434
12,10.837696335078533,101064.92976888023
12,11.78010471204189,101102.70605468763
12,12.722513089005233,101145.55018446139
12,13.66492146596859,101194.70054796059
12,14.607329842931932,101252.00531683998
12,15.54973821989529,101311.03317599851
12,16.492146596858632,101370.91628689208
12,17.43455497382199,101432.4672037758
12,18.376963350785346,101493.62985568524
12,19.31937172774869,101554.182779948
12,20.261780104712045,101611.31675889806
12,21.204188481675388,101662.96603732603
12,22.146596858638745,101713.3571777341
12,23.089005235602087,101759.88349066864
12,24.031413612565444,101802.26391601538
12,24.9738219895288,101838.79966905351
12,25.916230366492144,101871.45258246532
12,26.8586387434555,101906.47922092068
12,27.801047120418843,101938.450141059
12,28.7434554973822,101963.356038411
12,29.685863874345543,101979.67971462615
12,30.6282722513089,101984.14002821108
12,31.570680628272257,101986.68733723932
12,32.5130890052356,101983.82486979221
12,33.455497382198956,101978.5030110675
12,34.3979057591623,101981.7783745667
12,35.340314136125656,101974.30712890688
12,36.282722513089,101959.0400933155
12,37.225130890052355,101931.48952907928
12,38.16753926701571,101919.00268554711
12,39.10994764397907,101901.98396809824
12,40.0523560209424,101877.0072428382
12,40.994764397905755,101857.18720160655
12,41.93717277486911,101842.051567925
12,42.87958115183247,101807.64803059904
12,43.8219895287958,101780.36428493857
12,44.764397905759154,101756.18853081572
12,45.70680628272251,101735.13840060828
12,46.64921465968587,101708.52365451449
12,47.591623036649224,101676.09575737812
12,48.53403141361255,101647.16680230056
12,49.47643979057591,101611.6341417096
12,50.41884816753927,101576.2270507811
12,51.36125654450262,101537.1555175777
12,52.30366492146598,101494.90483941021
12,53.24607329842931,101447.97181532139
12,54.188481675392666,101400.67797851538
12,55.13089005235602,101354.76928710923
12,56.07329842931938,101314.13321940119
12,57.01570680628271,101276.38831922752
12,57.958115183246065,101247.2734103737
12,58.90052356020942,101225.90668402777
12,59.84293193717278,101220.62497287267
12,60.785340314136135,101221.99625651074
12,61.727748691099464,101218.68948025168
12,62.67015706806282,101213.5046115449
12,63.61256544502618,101211.41878255155
12,64.55497382198953,101214.9884168832
12,65.49738219895289,101231.60419379376
12,66.43979057591622,101260.41666666689
12,67.38219895287958,101283.18570963507
12,68.32460732984293,101296.75927734339
12,69.26701570680629,101310.17089843735
12,70.20942408376962,101336.6041124138
12,71.15183246073298,101379.39447699653
12,72.09424083769633,101437.18825954803
12,73.03664921465969,101501.91682942685
12,73.97905759162305,101571.99256727376
12,74.92146596858638,101647.19341362813
12,75.86387434554973,101728.63628472255
12,76.80628272251309,101815.14149305597
12,77.74869109947645,101905.2497287321
12,78.6910994764398,102002.86477322121
12,79.63350785340313,102100.448567709
12,80.57591623036649,102192.66924370693
12,81.51832460732984,102289.33707682251
12,82.4607329842932,102369.32592773435
12,83.40314136125653,102429.79174804634
12,84.34554973821989,102479.85435655406
12,85.28795811518324,102526.60302734342
12,86.2303664921466,102571.90291341141
12,87.17277486910996,102615.63560655383
12,88.11518324607329,102653.4421115455
12,89.05759162303664,102679.52327473926
12,90.0,102685.43750000057
